RegionName,StateName,Date,Zillow_Home_Value_Index,Sales_Count,Total_Transaction_Value,ZipCode,Year,MortgageRate30Yr,DistanceToMajorCity_Miles,MajorCityReference,Affordable
"Barnstable Town, MA",MA,2019-01-31,436713.11879735097,316.0,204153853.0,02601,2019,3.94,63.08291567789635,Boston,0
"Barnstable Town, MA",MA,2019-02-28,437174.71054638905,283.0,171266552.0,02601,2019,3.94,63.08291567789635,Boston,0
"Barnstable Town, MA",MA,2019-03-31,438322.5887622105,383.0,210689379.0,02601,2019,3.94,63.08291567789635,Boston,0
"Barnstable Town, MA",MA,2019-04-30,439918.845112908,464.0,248315947.0,02601,2019,3.94,63.08291567789635,Boston,0
"Barnstable Town, MA",MA,2019-05-31,441197.0966136384,617.0,339132690.0,02601,2019,3.94,63.08291567789635,Boston,0
"Barnstable Town, MA",MA,2019-06-30,442342.5389500139,567.0,325932914.0,02601,2019,3.94,63.08291567789635,Boston,0
"Barnstable Town, MA",MA,2019-07-31,442727.4150730765,444.0,230034397.0,02601,2019,3.94,63.08291567789635,Boston,0
"Barnstable Town, MA",MA,2019-08-31,442764.8780067688,497.0,312794612.0,02601,2019,3.94,63.08291567789635,Boston,0
"Barnstable Town, MA",MA,2019-09-30,442168.00095317286,461.0,273073517.0,02601,2019,3.94,63.08291567789635,Boston,0
"Barnstable Town, MA",MA,2019-10-31,442067.45756177447,484.0,254145683.0,02601,2019,3.94,63.08291567789635,Boston,0
"Barnstable Town, MA",MA,2019-11-30,442739.7942521497,424.0,240806928.0,02601,2019,3.94,63.08291567789635,Boston,0
"Barnstable Town, MA",MA,2019-12-31,443767.1732199146,417.0,242064625.0,02601,2019,3.94,63.08291567789635,Boston,0
"Barnstable Town, MA",MA,2020-01-31,445053.26075110206,386.0,218037091.0,02601,2020,3.11,63.08291567789635,Boston,0
"Barnstable Town, MA",MA,2020-02-29,446605.9200481531,251.0,126199056.0,02601,2020,3.11,63.08291567789635,Boston,0
"Barnstable Town, MA",MA,2020-03-31,448846.77641976095,424.0,244609625.0,02601,2020,3.11,63.08291567789635,Boston,0
"Barnstable Town, MA",MA,2020-04-30,451054.4865047359,339.0,186961425.0,02601,2020,3.11,63.08291567789635,Boston,0
"Barnstable Town, MA",MA,2020-05-31,452100.92058759,318.0,180162941.0,02601,2020,3.11,63.08291567789635,Boston,0
"Barnstable Town, MA",MA,2020-06-30,452178.0338695527,561.0,347182747.0,02601,2020,3.11,63.08291567789635,Boston,0
"Barnstable Town, MA",MA,2020-07-31,452266.3299246629,710.0,443677724.0,02601,2020,3.11,63.08291567789635,Boston,0
"Barnstable Town, MA",MA,2020-08-31,454781.2417555962,659.0,475926530.0,02601,2020,3.11,63.08291567789635,Boston,0
"Barnstable Town, MA",MA,2020-09-30,460462.7810143251,733.0,523103734.0,02601,2020,3.11,63.08291567789635,Boston,0
"Barnstable Town, MA",MA,2020-10-31,468865.221283219,743.0,532905552.0,02601,2020,3.11,63.08291567789635,Boston,0
"Barnstable Town, MA",MA,2020-11-30,478738.93531311286,599.0,441638440.0,02601,2020,3.11,63.08291567789635,Boston,0
"Barnstable Town, MA",MA,2020-12-31,488811.7495188231,638.0,472928620.0,02601,2020,3.11,63.08291567789635,Boston,0
"Barnstable Town, MA",MA,2021-01-31,498827.1040484072,424.0,349276683.0,02601,2021,2.96,63.08291567789635,Boston,0
"Barnstable Town, MA",MA,2021-02-28,509741.3800845949,345.0,254892245.0,02601,2021,2.96,63.08291567789635,Boston,0
"Barnstable Town, MA",MA,2021-03-31,521211.7196416266,414.0,316043982.0,02601,2021,2.96,63.08291567789635,Boston,0
"Barnstable Town, MA",MA,2021-04-30,534707.1553736228,466.0,380867509.0,02601,2021,2.96,63.08291567789635,Boston,0
"Barnstable Town, MA",MA,2021-05-31,550158.8122748468,500.0,398631285.0,02601,2021,2.96,63.08291567789635,Boston,0
"Barnstable Town, MA",MA,2021-06-30,566298.2510563396,584.0,433616826.0,02601,2021,2.96,63.08291567789635,Boston,0
"Barnstable Town, MA",MA,2021-07-31,578781.3273789533,512.0,380099210.0,02601,2021,2.96,63.08291567789635,Boston,0
"Barnstable Town, MA",MA,2021-08-31,584920.1358391293,506.0,400588116.0,02601,2021,2.96,63.08291567789635,Boston,0
"Barnstable Town, MA",MA,2021-09-30,587356.7912519373,564.0,452106922.0,02601,2021,2.96,63.08291567789635,Boston,0
"Barnstable Town, MA",MA,2021-10-31,589584.8622596199,510.0,445415045.0,02601,2021,2.96,63.08291567789635,Boston,0
"Barnstable Town, MA",MA,2021-11-30,593528.2078376209,538.0,429697712.0,02601,2021,2.96,63.08291567789635,Boston,0
"Barnstable Town, MA",MA,2021-12-31,598468.6384666805,583.0,452498850.0,02601,2021,2.96,63.08291567789635,Boston,0
"Barnstable Town, MA",MA,2022-01-31,606901.8243766332,379.0,313150552.0,02601,2022,5.34,63.08291567789635,Boston,0
"Barnstable Town, MA",MA,2022-02-28,619381.3454877322,287.0,228174714.0,02601,2022,5.34,63.08291567789635,Boston,0
"Barnstable Town, MA",MA,2022-03-31,635233.619231626,384.0,309524927.0,02601,2022,5.34,63.08291567789635,Boston,0
"Barnstable Town, MA",MA,2022-04-30,650001.1373594155,408.0,388354386.0,02601,2022,5.34,63.08291567789635,Boston,0
"Barnstable Town, MA",MA,2022-05-31,662638.2684463888,454.0,397338173.0,02601,2022,5.34,63.08291567789635,Boston,0
"Barnstable Town, MA",MA,2022-06-30,673004.4524666158,492.0,433385968.0,02601,2022,5.34,63.08291567789635,Boston,0
"Barnstable Town, MA",MA,2022-07-31,679022.6396833624,440.0,371292123.0,02601,2022,5.34,63.08291567789635,Boston,0
"Barnstable Town, MA",MA,2022-08-31,680171.8496852024,447.0,389512067.0,02601,2022,5.34,63.08291567789635,Boston,0
"Barnstable Town, MA",MA,2022-09-30,676638.2973514242,481.0,398880364.0,02601,2022,5.34,63.08291567789635,Boston,0
"Barnstable Town, MA",MA,2022-10-31,673901.9065480878,359.0,341428696.0,02601,2022,5.34,63.08291567789635,Boston,0
"Barnstable Town, MA",MA,2022-11-30,672487.4717365006,410.0,351085665.0,02601,2022,5.34,63.08291567789635,Boston,0
"Barnstable Town, MA",MA,2022-12-31,672385.4558484325,357.0,297784570.0,02601,2022,5.34,63.08291567789635,Boston,0
"Barnstable Town, MA",MA,2023-01-31,670940.8027358571,229.0,176782081.0,02601,2023,6.81,63.08291567789635,Boston,0
"Barnstable Town, MA",MA,2023-02-28,669354.8036853898,212.0,192500742.0,02601,2023,6.81,63.08291567789635,Boston,0
"Barnstable Town, MA",MA,2023-03-31,668562.8058710716,284.0,254463128.0,02601,2023,6.81,63.08291567789635,Boston,0
"Barnstable Town, MA",MA,2023-04-30,672009.5083864253,311.0,263222445.0,02601,2023,6.81,63.08291567789635,Boston,0
"Barnstable Town, MA",MA,2023-05-31,678629.2848591167,391.0,339201806.0,02601,2023,6.81,63.08291567789635,Boston,0
"Barnstable Town, MA",MA,2023-06-30,687573.0965440456,438.0,378005534.0,02601,2023,6.81,63.08291567789635,Boston,0
"Barnstable Town, MA",MA,2023-07-31,695605.3227968911,313.0,266442494.0,02601,2023,6.81,63.08291567789635,Boston,0
"Barnstable Town, MA",MA,2023-08-31,702260.9438568325,393.0,345677175.0,02601,2023,6.81,63.08291567789635,Boston,0
"Barnstable Town, MA",MA,2023-09-30,708389.4364776053,367.0,346248267.0,02601,2023,6.81,63.08291567789635,Boston,0
"Barnstable Town, MA",MA,2023-10-31,713700.2681478463,434.0,426574865.0,02601,2023,6.81,63.08291567789635,Boston,0
"Barnstable Town, MA",MA,2023-11-30,717816.2061709653,366.0,309694909.0,02601,2023,6.81,63.08291567789635,Boston,0
"Barnstable Town, MA",MA,2023-12-31,719934.38852745,330.0,278137879.0,02601,2023,6.81,63.08291567789635,Boston,0
"Barnstable Town, MA",MA,2024-01-31,719316.9237435623,258.0,211850894.0,02601,2024,6.72,63.08291567789635,Boston,0
"Barnstable Town, MA",MA,2024-02-29,718858.8159357039,268.0,207491168.0,02601,2024,6.72,63.08291567789635,Boston,0
"Barnstable Town, MA",MA,2024-03-31,720598.6230128544,324.0,278066272.0,02601,2024,6.72,63.08291567789635,Boston,0
"Barnstable Town, MA",MA,2024-04-30,725665.447893465,349.0,322406273.0,02601,2024,6.72,63.08291567789635,Boston,0
"Barnstable Town, MA",MA,2024-05-31,731443.8600324467,463.0,430860863.0,02601,2024,6.72,63.08291567789635,Boston,0
"Barnstable Town, MA",MA,2024-06-30,735443.5975166921,419.0,433489266.0,02601,2024,6.72,63.08291567789635,Boston,0
"Barnstable Town, MA",MA,2024-07-31,738644.3831705892,397.0,379476906.0,02601,2024,6.72,63.08291567789635,Boston,0
"Barnstable Town, MA",MA,2024-08-31,741944.1724869399,433.0,397766821.0,02601,2024,6.72,63.08291567789635,Boston,0
"Barnstable Town, MA",MA,2024-09-30,745111.0371429194,413.0,418799441.0,02601,2024,6.72,63.08291567789635,Boston,0
"Barnstable Town, MA",MA,2024-10-31,746379.467313005,466.0,486064251.0,02601,2024,6.72,63.08291567789635,Boston,0
"Barnstable Town, MA",MA,2024-11-30,745777.607183713,385.0,381762278.0,02601,2024,6.72,63.08291567789635,Boston,0
"Barnstable Town, MA",MA,2024-12-31,745077.9585819696,384.0,358580312.0,02601,2024,6.72,63.08291567789635,Boston,0
"Berlin, NH",NH,2019-01-31,130138.63321682609,30.0,2790344.0,03570,2019,3.94,102.67431072540968,Manchester,1
"Berlin, NH",NH,2019-02-28,130157.65786167776,42.0,4511720.0,03570,2019,3.94,102.67431072540968,Manchester,1
"Berlin, NH",NH,2019-03-31,130420.42503714684,44.0,5845348.0,03570,2019,3.94,102.67431072540968,Manchester,1
"Berlin, NH",NH,2019-04-30,130541.26647648394,55.0,7706498.0,03570,2019,3.94,102.67431072540968,Manchester,1
"Berlin, NH",NH,2019-05-31,130429.843420865,69.0,9696131.0,03570,2019,3.94,102.67431072540968,Manchester,1
"Berlin, NH",NH,2019-06-30,130363.88477138586,68.0,10098083.0,03570,2019,3.94,102.67431072540968,Manchester,1
"Berlin, NH",NH,2019-07-31,130897.57222067087,81.0,12871493.0,03570,2019,3.94,102.67431072540968,Manchester,1
"Berlin, NH",NH,2019-08-31,131779.59223977686,85.0,10991901.0,03570,2019,3.94,102.67431072540968,Manchester,1
"Berlin, NH",NH,2019-09-30,132542.95595806095,74.0,10997314.0,03570,2019,3.94,102.67431072540968,Manchester,1
"Berlin, NH",NH,2019-10-31,133002.67019265812,81.0,10665305.0,03570,2019,3.94,102.67431072540968,Manchester,1
"Berlin, NH",NH,2019-11-30,133344.0634566323,65.0,9481455.0,03570,2019,3.94,102.67431072540968,Manchester,1
"Berlin, NH",NH,2019-12-31,133876.15916903844,48.0,7720272.0,03570,2019,3.94,102.67431072540968,Manchester,1
"Berlin, NH",NH,2020-01-31,134660.5906531812,61.0,9822060.0,03570,2020,3.11,102.67431072540968,Manchester,1
"Berlin, NH",NH,2020-02-29,135865.46395553186,50.0,7435891.0,03570,2020,3.11,102.67431072540968,Manchester,1
"Berlin, NH",NH,2020-03-31,137310.57925055423,54.0,6924569.0,03570,2020,3.11,102.67431072540968,Manchester,1
"Berlin, NH",NH,2020-04-30,138724.63167598328,39.0,7939505.0,03570,2020,3.11,102.67431072540968,Manchester,1
"Berlin, NH",NH,2020-05-31,139780.17890980907,49.0,9504827.0,03570,2020,3.11,102.67431072540968,Manchester,1
"Berlin, NH",NH,2020-06-30,140359.35812118556,62.0,9704894.0,03570,2020,3.11,102.67431072540968,Manchester,1
"Berlin, NH",NH,2020-07-31,141239.70660937068,87.0,13001686.0,03570,2020,3.11,102.67431072540968,Manchester,1
"Berlin, NH",NH,2020-08-31,142893.9683472738,90.0,16111062.0,03570,2020,3.11,102.67431072540968,Manchester,1
"Berlin, NH",NH,2020-09-30,145643.49772516475,96.0,16930569.0,03570,2020,3.11,102.67431072540968,Manchester,1
"Berlin, NH",NH,2020-10-31,148883.05015697752,120.0,22638438.0,03570,2020,3.11,102.67431072540968,Manchester,1
"Berlin, NH",NH,2020-11-30,152262.84863164354,93.0,14864849.0,03570,2020,3.11,102.67431072540968,Manchester,1
"Berlin, NH",NH,2020-12-31,155768.87248968458,85.0,15716464.0,03570,2020,3.11,102.67431072540968,Manchester,1
"Berlin, NH",NH,2021-01-31,159001.00722950735,71.0,13212224.0,03570,2021,2.96,102.67431072540968,Manchester,1
"Berlin, NH",NH,2021-02-28,162221.0940448303,58.0,10341115.0,03570,2021,2.96,102.67431072540968,Manchester,1
"Berlin, NH",NH,2021-03-31,165401.2577521575,61.0,13531153.0,03570,2021,2.96,102.67431072540968,Manchester,1
"Berlin, NH",NH,2021-04-30,168800.80204180538,61.0,12407324.0,03570,2021,2.96,102.67431072540968,Manchester,1
"Berlin, NH",NH,2021-05-31,172915.5517035521,65.0,13051965.0,03570,2021,2.96,102.67431072540968,Manchester,1
"Berlin, NH",NH,2021-06-30,177648.75329139468,81.0,16568151.0,03570,2021,2.96,102.67431072540968,Manchester,1
"Berlin, NH",NH,2021-07-31,181921.00142368968,94.0,18865448.0,03570,2021,2.96,102.67431072540968,Manchester,1
"Berlin, NH",NH,2021-08-31,184412.03305032625,92.0,19209774.0,03570,2021,2.96,102.67431072540968,Manchester,1
"Berlin, NH",NH,2021-09-30,184681.8899749565,89.0,17817291.0,03570,2021,2.96,102.67431072540968,Manchester,1
"Berlin, NH",NH,2021-10-31,184293.5334241772,91.0,17308600.0,03570,2021,2.96,102.67431072540968,Manchester,1
"Berlin, NH",NH,2021-11-30,184953.667682679,80.0,22486838.0,03570,2021,2.96,102.67431072540968,Manchester,1
"Berlin, NH",NH,2021-12-31,187141.30508391187,68.0,14332475.0,03570,2021,2.96,102.67431072540968,Manchester,1
"Berlin, NH",NH,2022-01-31,191885.2201365542,45.0,8594333.0,03570,2022,5.34,102.67431072540968,Manchester,1
"Berlin, NH",NH,2022-02-28,197888.36735502665,44.0,9034409.0,03570,2022,5.34,102.67431072540968,Manchester,1
"Berlin, NH",NH,2022-03-31,204375.66483756516,36.0,6797700.0,03570,2022,5.34,102.67431072540968,Manchester,1
"Berlin, NH",NH,2022-04-30,210609.9829594735,55.0,10453482.0,03570,2022,5.34,102.67431072540968,Manchester,1
"Berlin, NH",NH,2022-05-31,215902.4624287597,50.0,11045082.0,03570,2022,5.34,102.67431072540968,Manchester,1
"Berlin, NH",NH,2022-06-30,220422.3509790749,53.0,14765324.0,03570,2022,5.34,102.67431072540968,Manchester,1
"Berlin, NH",NH,2022-07-31,222485.625778222,87.0,21147131.0,03570,2022,5.34,102.67431072540968,Manchester,1
"Berlin, NH",NH,2022-08-31,222673.09814397755,56.0,13846579.0,03570,2022,5.34,102.67431072540968,Manchester,1
"Berlin, NH",NH,2022-09-30,221831.04190390813,65.0,15307097.0,03570,2022,5.34,102.67431072540968,Manchester,1
"Berlin, NH",NH,2022-10-31,221189.95011323012,74.0,16355996.0,03570,2022,5.34,102.67431072540968,Manchester,1
"Berlin, NH",NH,2022-11-30,221146.1873223124,58.0,12211290.0,03570,2022,5.34,102.67431072540968,Manchester,1
"Berlin, NH",NH,2022-12-31,221044.11496097167,42.0,10947857.0,03570,2022,5.34,102.67431072540968,Manchester,1
"Berlin, NH",NH,2023-01-31,220998.4912807768,33.0,8613266.0,03570,2023,6.81,102.67431072540968,Manchester,1
"Berlin, NH",NH,2023-02-28,221291.86547320036,30.0,6873967.0,03570,2023,6.81,102.67431072540968,Manchester,1
"Berlin, NH",NH,2023-03-31,222069.2818690038,24.0,5435399.0,03570,2023,6.81,102.67431072540968,Manchester,1
"Berlin, NH",NH,2023-04-30,223497.18579719705,45.0,10141231.0,03570,2023,6.81,102.67431072540968,Manchester,1
"Berlin, NH",NH,2023-05-31,224607.4421339332,39.0,13874032.0,03570,2023,6.81,102.67431072540968,Manchester,1
"Berlin, NH",NH,2023-06-30,226187.7640933315,44.0,12042366.0,03570,2023,6.81,102.67431072540968,Manchester,1
"Berlin, NH",NH,2023-07-31,227626.0878377695,39.0,13960999.0,03570,2023,6.81,102.67431072540968,Manchester,1
"Berlin, NH",NH,2023-08-31,229698.90539035728,51.0,11808177.0,03570,2023,6.81,102.67431072540968,Manchester,1
"Berlin, NH",NH,2023-09-30,231799.40922034104,49.0,16174032.0,03570,2023,6.81,102.67431072540968,Manchester,1
"Berlin, NH",NH,2023-10-31,233463.443398959,50.0,14313065.0,03570,2023,6.81,102.67431072540968,Manchester,1
"Berlin, NH",NH,2023-11-30,234526.8786303164,33.0,10265398.0,03570,2023,6.81,102.67431072540968,Manchester,1
"Berlin, NH",NH,2023-12-31,234461.0784709637,39.0,10690931.0,03570,2023,6.81,102.67431072540968,Manchester,1
"Berlin, NH",NH,2024-01-31,233793.3385368073,24.0,5888700.0,03570,2024,6.72,102.67431072540968,Manchester,1
"Berlin, NH",NH,2024-02-29,233242.084841456,25.0,5501949.0,03570,2024,6.72,102.67431072540968,Manchester,1
"Berlin, NH",NH,2024-03-31,234093.9815257117,44.0,318161348.0947826,03570,2024,6.72,102.67431072540968,Manchester,1
"Berlin, NH",NH,2024-04-30,236446.80082324985,30.0,9085066.0,03570,2024,6.72,102.67431072540968,Manchester,1
"Berlin, NH",NH,2024-05-31,239090.13244339536,31.0,8272486.0,03570,2024,6.72,102.67431072540968,Manchester,1
"Berlin, NH",NH,2024-06-30,241169.86815321815,36.0,11361120.0,03570,2024,6.72,102.67431072540968,Manchester,1
"Berlin, NH",NH,2024-07-31,242367.3524817767,36.0,10086100.0,03570,2024,6.72,102.67431072540968,Manchester,1
"Berlin, NH",NH,2024-08-31,243531.54557471976,46.0,12829499.0,03570,2024,6.72,102.67431072540968,Manchester,1
"Berlin, NH",NH,2024-09-30,244471.1479373852,37.0,10486166.0,03570,2024,6.72,102.67431072540968,Manchester,1
"Berlin, NH",NH,2024-10-31,245884.62516386175,41.0,13197940.0,03570,2024,6.72,102.67431072540968,Manchester,1
"Berlin, NH",NH,2024-11-30,246999.86187364504,39.0,10123506.0,03570,2024,6.72,102.67431072540968,Manchester,1
"Berlin, NH",NH,2024-12-31,248678.22179059547,33.0,9978833.0,03570,2024,6.72,102.67431072540968,Manchester,1
"Boston, MA",MA,2019-01-31,483411.3900237368,2266.0,1253058163.0,02108,2019,3.94,0.0,Boston,0
"Boston, MA",MA,2019-02-28,483670.77320833807,1932.0,1009950691.0,02108,2019,3.94,0.0,Boston,0
"Boston, MA",MA,2019-03-31,484633.4900792333,2561.0,1387530815.0,02108,2019,3.94,0.0,Boston,0
"Boston, MA",MA,2019-04-30,486287.43943067006,2905.0,1655958878.0,02108,2019,3.94,0.0,Boston,0
"Boston, MA",MA,2019-05-31,487533.821491959,3990.0,2390440334.0,02108,2019,3.94,0.0,Boston,0
"Boston, MA",MA,2019-06-30,488609.3527179432,4776.0,2857624089.0,02108,2019,3.94,0.0,Boston,0
"Boston, MA",MA,2019-07-31,489064.3430742363,4777.0,2924709740.0,02108,2019,3.94,0.0,Boston,0
"Boston, MA",MA,2019-08-31,489210.96353814704,4770.0,2772665068.0,02108,2019,3.94,0.0,Boston,0
"Boston, MA",MA,2019-09-30,489074.167127443,3511.0,1941644640.0,02108,2019,3.94,0.0,Boston,0
"Boston, MA",MA,2019-10-31,489726.5001000504,3620.0,1964516857.0,02108,2019,3.94,0.0,Boston,0
"Boston, MA",MA,2019-11-30,491299.8633657826,3351.0,1880833614.0,02108,2019,3.94,0.0,Boston,0
"Boston, MA",MA,2019-12-31,493088.9938860666,3441.0,1933018626.0,02108,2019,3.94,0.0,Boston,0
"Boston, MA",MA,2020-01-31,495513.2342857192,2333.0,1325263795.0,02108,2020,3.11,0.0,Boston,0
"Boston, MA",MA,2020-02-29,498340.6810437294,1807.0,1040390507.0,02108,2020,3.11,0.0,Boston,0
"Boston, MA",MA,2020-03-31,501944.272844553,2481.0,1460304447.0,02108,2020,3.11,0.0,Boston,0
"Boston, MA",MA,2020-04-30,504984.9852861841,2555.0,1595320219.0,02108,2020,3.11,0.0,Boston,0
"Boston, MA",MA,2020-05-31,506837.8626834232,2681.0,1625583784.0,02108,2020,3.11,0.0,Boston,0
"Boston, MA",MA,2020-06-30,507692.20179204846,3599.0,2305115963.0,02108,2020,3.11,0.0,Boston,0
"Boston, MA",MA,2020-07-31,508566.7649334557,4694.0,3055864448.0,02108,2020,3.11,0.0,Boston,0
"Boston, MA",MA,2020-08-31,511235.23296940274,4712.0,3194616092.0,02108,2020,3.11,0.0,Boston,0
"Boston, MA",MA,2020-09-30,516373.3078102933,4324.0,2849464623.0,02108,2020,3.11,0.0,Boston,0
"Boston, MA",MA,2020-10-31,523225.6574158629,4416.0,2902660883.0,02108,2020,3.11,0.0,Boston,0
"Boston, MA",MA,2020-11-30,531099.7301730163,3827.0,2447428050.0,02108,2020,3.11,0.0,Boston,0
"Boston, MA",MA,2020-12-31,538903.5870967242,4115.0,2720295622.0,02108,2020,3.11,0.0,Boston,0
"Boston, MA",MA,2021-01-31,545898.7466187986,2505.0,1649887495.0,02108,2021,2.96,0.0,Boston,0
"Boston, MA",MA,2021-02-28,552848.0101078812,1938.0,1275913000.0,02108,2021,2.96,0.0,Boston,0
"Boston, MA",MA,2021-03-31,559923.2087322571,2637.0,1792369264.0,02108,2021,2.96,0.0,Boston,0
"Boston, MA",MA,2021-04-30,567689.9743886577,3180.0,2320236176.0,02108,2021,2.96,0.0,Boston,0
"Boston, MA",MA,2021-05-31,575760.4553100405,3618.0,2700280111.0,02108,2021,2.96,0.0,Boston,0
"Boston, MA",MA,2021-06-30,583180.4568843782,5124.0,4097059140.0,02108,2021,2.96,0.0,Boston,0
"Boston, MA",MA,2021-07-31,588001.9973715446,4614.0,3615283930.0,02108,2021,2.96,0.0,Boston,0
"Boston, MA",MA,2021-08-31,589217.5836527409,4605.0,3531355492.0,02108,2021,2.96,0.0,Boston,0
"Boston, MA",MA,2021-09-30,588073.4466825462,3968.0,2899274003.0,02108,2021,2.96,0.0,Boston,0
"Boston, MA",MA,2021-10-31,587342.4143814516,3444.0,2446490131.0,02108,2021,2.96,0.0,Boston,0
"Boston, MA",MA,2021-11-30,588181.8845843949,3736.0,2756014861.0,02108,2021,2.96,0.0,Boston,0
"Boston, MA",MA,2021-12-31,590372.3628621418,3663.0,2743508954.0,02108,2021,2.96,0.0,Boston,0
"Boston, MA",MA,2022-01-31,595851.2084323129,2295.0,1678400941.0,02108,2022,5.34,0.0,Boston,0
"Boston, MA",MA,2022-02-28,604586.3977230061,1660.0,1228454360.0,02108,2022,5.34,0.0,Boston,0
"Boston, MA",MA,2022-03-31,616536.9154387362,2346.0,1848811572.0,02108,2022,5.34,0.0,Boston,0
"Boston, MA",MA,2022-04-30,627983.5439727196,2646.0,2167882190.0,02108,2022,5.34,0.0,Boston,0
"Boston, MA",MA,2022-05-31,637846.6319410692,3504.0,3030955476.0,02108,2022,5.34,0.0,Boston,0
"Boston, MA",MA,2022-06-30,644851.3722489113,4880.0,4480596813.0,02108,2022,5.34,0.0,Boston,0
"Boston, MA",MA,2022-07-31,647454.9575642975,3857.0,3326516739.0,02108,2022,5.34,0.0,Boston,0
"Boston, MA",MA,2022-08-31,645241.1952567083,4076.0,3382073670.0,02108,2022,5.34,0.0,Boston,0
"Boston, MA",MA,2022-09-30,639723.1879611962,3349.0,2613878372.0,02108,2022,5.34,0.0,Boston,0
"Boston, MA",MA,2022-10-31,635166.9627681021,2684.0,2033568723.0,02108,2022,5.34,0.0,Boston,0
"Boston, MA",MA,2022-11-30,632634.9329461395,2566.0,1996045203.0,02108,2022,5.34,0.0,Boston,0
"Boston, MA",MA,2022-12-31,631896.4593753838,2561.0,1922441609.0,02108,2022,5.34,0.0,Boston,0
"Boston, MA",MA,2023-01-31,630635.0362529858,1550.0,1161867737.0,02108,2023,6.81,0.0,Boston,0
"Boston, MA",MA,2023-02-28,629468.8975929808,1308.0,947089201.0,02108,2023,6.81,0.0,Boston,0
"Boston, MA",MA,2023-03-31,629680.8999901124,1864.0,1460156482.0,02108,2023,6.81,0.0,Boston,0
"Boston, MA",MA,2023-04-30,633238.167315768,1908.0,1546718400.0,02108,2023,6.81,0.0,Boston,0
"Boston, MA",MA,2023-05-31,639194.1112147995,2706.0,2257206227.0,02108,2023,6.81,0.0,Boston,0
"Boston, MA",MA,2023-06-30,646119.039365318,3745.0,3322979238.0,02108,2023,6.81,0.0,Boston,0
"Boston, MA",MA,2023-07-31,652815.2836936852,3057.0,2677595085.0,02108,2023,6.81,0.0,Boston,0
"Boston, MA",MA,2023-08-31,659313.5612690753,3261.0,2755103135.0,02108,2023,6.81,0.0,Boston,0
"Boston, MA",MA,2023-09-30,665011.3556654499,2529.0,2021396224.0,02108,2023,6.81,0.0,Boston,0
"Boston, MA",MA,2023-10-31,669678.4396502225,2609.0,2028733408.0,02108,2023,6.81,0.0,Boston,0
"Boston, MA",MA,2023-11-30,673168.7228082004,2590.0,2047155962.0,02108,2023,6.81,0.0,Boston,0
"Boston, MA",MA,2023-12-31,675955.1549024335,2232.0,1712550407.0,02108,2023,6.81,0.0,Boston,0
"Boston, MA",MA,2024-01-31,677959.4850070052,1751.0,1407749226.0,02108,2024,6.72,0.0,Boston,0
"Boston, MA",MA,2024-02-29,680673.7433377054,1480.0,1200168673.0,02108,2024,6.72,0.0,Boston,0
"Boston, MA",MA,2024-03-31,685358.6686862778,1916.0,1622389827.0,02108,2024,6.72,0.0,Boston,0
"Boston, MA",MA,2024-04-30,691434.6337561676,2401.0,2149144317.0,02108,2024,6.72,0.0,Boston,0
"Boston, MA",MA,2024-05-31,696597.1903967488,3069.0,2779153277.0,02108,2024,6.72,0.0,Boston,0
"Boston, MA",MA,2024-06-30,699352.658923932,3593.0,3410977460.0,02108,2024,6.72,0.0,Boston,0
"Boston, MA",MA,2024-07-31,700967.9592893872,3648.0,3329959692.0,02108,2024,6.72,0.0,Boston,0
"Boston, MA",MA,2024-08-31,702668.9337200226,3414.0,3064773609.0,02108,2024,6.72,0.0,Boston,0
"Boston, MA",MA,2024-09-30,704756.7133235899,2678.0,2234251453.0,02108,2024,6.72,0.0,Boston,0
"Boston, MA",MA,2024-10-31,706574.9135218902,2965.0,2506151122.0,02108,2024,6.72,0.0,Boston,0
"Boston, MA",MA,2024-11-30,708144.7403081633,2728.0,2303703696.0,02108,2024,6.72,0.0,Boston,0
"Boston, MA",MA,2024-12-31,709906.1037643974,2683.0,2252666832.0,02108,2024,6.72,0.0,Boston,0
"Bridgeport, CT",CT,2019-01-31,416267.0543934184,501.0,304543977.0,06604,2019,3.94,48.61572254441629,Hartford,0
"Bridgeport, CT",CT,2019-02-28,415667.6462571676,450.0,246104652.0,06604,2019,3.94,48.61572254441629,Hartford,0
"Bridgeport, CT",CT,2019-03-31,415657.7795852476,539.0,307190816.0,06604,2019,3.94,48.61572254441629,Hartford,0
"Bridgeport, CT",CT,2019-04-30,416112.97988541046,674.0,449565742.0,06604,2019,3.94,48.61572254441629,Hartford,0
"Bridgeport, CT",CT,2019-05-31,416072.1818410342,904.0,588791446.0,06604,2019,3.94,48.61572254441629,Hartford,0
"Bridgeport, CT",CT,2019-06-30,415410.365775659,1022.0,745061836.0,06604,2019,3.94,48.61572254441629,Hartford,0
"Bridgeport, CT",CT,2019-07-31,414694.8425560191,1101.0,765469175.0,06604,2019,3.94,48.61572254441629,Hartford,0
"Bridgeport, CT",CT,2019-08-31,414082.0373645974,1076.0,728598894.0,06604,2019,3.94,48.61572254441629,Hartford,0
"Bridgeport, CT",CT,2019-09-30,413418.4212160117,785.0,501156277.0,06604,2019,3.94,48.61572254441629,Hartford,0
"Bridgeport, CT",CT,2019-10-31,413196.4402192871,775.0,455157918.0,06604,2019,3.94,48.61572254441629,Hartford,0
"Bridgeport, CT",CT,2019-11-30,413349.1996616105,668.0,429716605.0,06604,2019,3.94,48.61572254441629,Hartford,0
"Bridgeport, CT",CT,2019-12-31,414082.9326749177,767.0,496131145.0,06604,2019,3.94,48.61572254441629,Hartford,0
"Bridgeport, CT",CT,2020-01-31,415465.3982971361,644.0,450924775.0,06604,2020,3.11,48.61572254441629,Hartford,0
"Bridgeport, CT",CT,2020-02-29,417289.0015501655,491.0,298392920.0,06604,2020,3.11,48.61572254441629,Hartford,0
"Bridgeport, CT",CT,2020-03-31,419739.3764992575,677.0,439297901.0,06604,2020,3.11,48.61572254441629,Hartford,0
"Bridgeport, CT",CT,2020-04-30,421527.8814340361,679.0,429375220.0,06604,2020,3.11,48.61572254441629,Hartford,0
"Bridgeport, CT",CT,2020-05-31,421729.34089982347,824.0,571898411.0,06604,2020,3.11,48.61572254441629,Hartford,0
"Bridgeport, CT",CT,2020-06-30,420564.0312113037,996.0,847074655.0,06604,2020,3.11,48.61572254441629,Hartford,0
"Bridgeport, CT",CT,2020-07-31,419422.80855437176,1568.0,1207421415.0,06604,2020,3.11,48.61572254441629,Hartford,0
"Bridgeport, CT",CT,2020-08-31,420806.9373626914,1594.0,1364866428.0,06604,2020,3.11,48.61572254441629,Hartford,0
"Bridgeport, CT",CT,2020-09-30,425297.6608893266,1508.0,1324565053.0,06604,2020,3.11,48.61572254441629,Hartford,0
"Bridgeport, CT",CT,2020-10-31,432404.5609009306,1418.0,1222304756.0,06604,2020,3.11,48.61572254441629,Hartford,0
"Bridgeport, CT",CT,2020-11-30,441133.5229399469,1184.0,967844580.0,06604,2020,3.11,48.61572254441629,Hartford,0
"Bridgeport, CT",CT,2020-12-31,450292.17302573705,1211.0,1032002128.0,06604,2020,3.11,48.61572254441629,Hartford,0
"Bridgeport, CT",CT,2021-01-31,458794.1925196029,926.0,731943367.0,06604,2021,2.96,48.61572254441629,Hartford,0
"Bridgeport, CT",CT,2021-02-28,466834.68317487976,744.0,727598490.0,06604,2021,2.96,48.61572254441629,Hartford,0
"Bridgeport, CT",CT,2021-03-31,474229.9510335596,956.0,832140010.0,06604,2021,2.96,48.61572254441629,Hartford,0
"Bridgeport, CT",CT,2021-04-30,481496.8625920299,1016.0,1022203689.0,06604,2021,2.96,48.61572254441629,Hartford,0
"Bridgeport, CT",CT,2021-05-31,488805.1125724323,1005.0,1101373978.0,06604,2021,2.96,48.61572254441629,Hartford,0
"Bridgeport, CT",CT,2021-06-30,496044.0334458913,1583.0,1676370652.0,06604,2021,2.96,48.61572254441629,Hartford,0
"Bridgeport, CT",CT,2021-07-31,500976.0587837001,1408.0,1576011640.0,06604,2021,2.96,48.61572254441629,Hartford,0
"Bridgeport, CT",CT,2021-08-31,502634.9033890644,1293.0,1284591975.0,06604,2021,2.96,48.61572254441629,Hartford,0
"Bridgeport, CT",CT,2021-09-30,501546.9460676432,1019.0,917026523.0,06604,2021,2.96,48.61572254441629,Hartford,0
"Bridgeport, CT",CT,2021-10-31,500699.2733600686,915.0,743338557.0,06604,2021,2.96,48.61572254441629,Hartford,0
"Bridgeport, CT",CT,2021-11-30,501631.7802352157,899.0,793254696.0,06604,2021,2.96,48.61572254441629,Hartford,0
"Bridgeport, CT",CT,2021-12-31,504542.83637642296,933.0,818018076.0,06604,2021,2.96,48.61572254441629,Hartford,0
"Bridgeport, CT",CT,2022-01-31,510423.75597912376,668.0,605870526.0,06604,2022,5.34,48.61572254441629,Hartford,0
"Bridgeport, CT",CT,2022-02-28,518067.2186208193,530.0,466496070.0,06604,2022,5.34,48.61572254441629,Hartford,0
"Bridgeport, CT",CT,2022-03-31,527276.0960157417,732.0,721142822.0,06604,2022,5.34,48.61572254441629,Hartford,0
"Bridgeport, CT",CT,2022-04-30,536151.5315639003,735.0,770304686.0,06604,2022,5.34,48.61572254441629,Hartford,0
"Bridgeport, CT",CT,2022-05-31,544672.777339425,802.0,835525836.0,06604,2022,5.34,48.61572254441629,Hartford,0
"Bridgeport, CT",CT,2022-06-30,551904.3837534661,1035.0,1151988561.0,06604,2022,5.34,48.61572254441629,Hartford,0
"Bridgeport, CT",CT,2022-07-31,556444.3038202064,997.0,1065353863.0,06604,2022,5.34,48.61572254441629,Hartford,0
"Bridgeport, CT",CT,2022-08-31,557267.0190167525,1005.0,1110574899.0,06604,2022,5.34,48.61572254441629,Hartford,0
"Bridgeport, CT",CT,2022-09-30,555453.8618248637,779.0,752750824.0,06604,2022,5.34,48.61572254441629,Hartford,0
"Bridgeport, CT",CT,2022-10-31,553649.9275127318,638.0,583553334.0,06604,2022,5.34,48.61572254441629,Hartford,0
"Bridgeport, CT",CT,2022-11-30,552880.0392455631,577.0,541782749.0,06604,2022,5.34,48.61572254441629,Hartford,0
"Bridgeport, CT",CT,2022-12-31,552822.9574079964,540.0,494523947.0,06604,2022,5.34,48.61572254441629,Hartford,0
"Bridgeport, CT",CT,2023-01-31,552224.501323212,378.0,373999016.0,06604,2023,6.81,48.61572254441629,Hartford,0
"Bridgeport, CT",CT,2023-02-28,552423.359311816,298.0,248434996.0,06604,2023,6.81,48.61572254441629,Hartford,0
"Bridgeport, CT",CT,2023-03-31,553698.8747642997,466.0,437184286.0,06604,2023,6.81,48.61572254441629,Hartford,0
"Bridgeport, CT",CT,2023-04-30,557575.4389788121,482.0,477281150.0,06604,2023,6.81,48.61572254441629,Hartford,0
"Bridgeport, CT",CT,2023-05-31,562308.4735984079,554.0,611332376.0,06604,2023,6.81,48.61572254441629,Hartford,0
"Bridgeport, CT",CT,2023-06-30,568419.5941021391,837.0,1017883682.0,06604,2023,6.81,48.61572254441629,Hartford,0
"Bridgeport, CT",CT,2023-07-31,575209.5577156222,703.0,807783177.0,06604,2023,6.81,48.61572254441629,Hartford,0
"Bridgeport, CT",CT,2023-08-31,582866.2249668929,750.0,937025294.0,06604,2023,6.81,48.61572254441629,Hartford,0
"Bridgeport, CT",CT,2023-09-30,590444.8686227744,578.0,601463543.0,06604,2023,6.81,48.61572254441629,Hartford,0
"Bridgeport, CT",CT,2023-10-31,596750.364106786,533.0,538305140.0,06604,2023,6.81,48.61572254441629,Hartford,0
"Bridgeport, CT",CT,2023-11-30,602058.9493080418,510.0,504573039.0,06604,2023,6.81,48.61572254441629,Hartford,0
"Bridgeport, CT",CT,2023-12-31,605818.4569585571,488.0,506026670.0,06604,2023,6.81,48.61572254441629,Hartford,0
"Bridgeport, CT",CT,2024-01-31,608790.1279723616,368.0,392636323.0,06604,2024,6.72,48.61572254441629,Hartford,0
"Bridgeport, CT",CT,2024-02-29,612153.656277127,299.0,292493563.0,06604,2024,6.72,48.61572254441629,Hartford,0
"Bridgeport, CT",CT,2024-03-31,617554.6817775181,419.0,412789067.0,06604,2024,6.72,48.61572254441629,Hartford,0
"Bridgeport, CT",CT,2024-04-30,623365.3958560423,505.0,561022044.0,06604,2024,6.72,48.61572254441629,Hartford,0
"Bridgeport, CT",CT,2024-05-31,627651.7851136465,581.0,654682269.0,06604,2024,6.72,48.61572254441629,Hartford,0
"Bridgeport, CT",CT,2024-06-30,629168.7857244811,673.0,831949780.0,06604,2024,6.72,48.61572254441629,Hartford,0
"Bridgeport, CT",CT,2024-07-31,629892.256917297,777.0,969087179.0,06604,2024,6.72,48.61572254441629,Hartford,0
"Bridgeport, CT",CT,2024-08-31,631025.2068226838,753.0,933382452.0,06604,2024,6.72,48.61572254441629,Hartford,0
"Bridgeport, CT",CT,2024-09-30,632897.1455769765,511.0,587346193.0,06604,2024,6.72,48.61572254441629,Hartford,0
"Bridgeport, CT",CT,2024-10-31,634552.4048164444,559.0,582286760.0,06604,2024,6.72,48.61572254441629,Hartford,0
"Bridgeport, CT",CT,2024-11-30,635036.5921322355,516.0,573774479.0,06604,2024,6.72,48.61572254441629,Hartford,0
"Bridgeport, CT",CT,2024-12-31,635086.1732593566,589.0,637864679.0,06604,2024,6.72,48.61572254441629,Hartford,0
"Concord, NH",NH,2019-01-31,257762.45586682,101.0,26552423.0,03301,2019,3.94,15.265893725688407,Manchester,1
"Concord, NH",NH,2019-02-28,258488.86519781465,91.0,24806205.0,03301,2019,3.94,15.265893725688407,Manchester,1
"Concord, NH",NH,2019-03-31,259562.0782891944,143.0,38451694.0,03301,2019,3.94,15.265893725688407,Manchester,1
"Concord, NH",NH,2019-04-30,260804.77195657333,138.0,42938426.0,03301,2019,3.94,15.265893725688407,Manchester,1
"Concord, NH",NH,2019-05-31,261958.4549334045,186.0,56986009.0,03301,2019,3.94,15.265893725688407,Manchester,1
"Concord, NH",NH,2019-06-30,263310.67706376227,256.0,74854283.0,03301,2019,3.94,15.265893725688407,Manchester,1
"Concord, NH",NH,2019-07-31,264984.6142696732,257.0,74034803.0,03301,2019,3.94,15.265893725688407,Manchester,1
"Concord, NH",NH,2019-08-31,266373.48560553923,278.0,77903115.0,03301,2019,3.94,15.265893725688407,Manchester,1
"Concord, NH",NH,2019-09-30,267446.06729741563,211.0,65330065.0,03301,2019,3.94,15.265893725688407,Manchester,1
"Concord, NH",NH,2019-10-31,268354.1152980507,222.0,65045810.0,03301,2019,3.94,15.265893725688407,Manchester,1
"Concord, NH",NH,2019-11-30,269654.20855061803,173.0,49135989.0,03301,2019,3.94,15.265893725688407,Manchester,1
"Concord, NH",NH,2019-12-31,271110.0699798965,152.0,48168283.0,03301,2019,3.94,15.265893725688407,Manchester,1
"Concord, NH",NH,2020-01-31,272868.9432547689,110.0,31265540.0,03301,2020,3.11,15.265893725688407,Manchester,1
"Concord, NH",NH,2020-02-29,274754.49645489705,99.0,30246159.0,03301,2020,3.11,15.265893725688407,Manchester,1
"Concord, NH",NH,2020-03-31,276972.6031166908,133.0,38552195.0,03301,2020,3.11,15.265893725688407,Manchester,1
"Concord, NH",NH,2020-04-30,278979.49844801414,121.0,31760769.0,03301,2020,3.11,15.265893725688407,Manchester,1
"Concord, NH",NH,2020-05-31,280581.6178121026,171.0,50469584.0,03301,2020,3.11,15.265893725688407,Manchester,1
"Concord, NH",NH,2020-06-30,281743.98665230727,205.0,61076969.0,03301,2020,3.11,15.265893725688407,Manchester,1
"Concord, NH",NH,2020-07-31,283064.36432164005,295.0,97120944.0,03301,2020,3.11,15.265893725688407,Manchester,1
"Concord, NH",NH,2020-08-31,285562.9754808645,264.0,94164938.0,03301,2020,3.11,15.265893725688407,Manchester,1
"Concord, NH",NH,2020-09-30,289887.9630558879,178.0,63752337.0,03301,2020,3.11,15.265893725688407,Manchester,1
"Concord, NH",NH,2020-10-31,295401.80121259653,229.0,83655259.0,03301,2020,3.11,15.265893725688407,Manchester,1
"Concord, NH",NH,2020-11-30,301362.62965281424,221.0,76706602.0,03301,2020,3.11,15.265893725688407,Manchester,1
"Concord, NH",NH,2020-12-31,307025.3564166396,190.0,65589052.0,03301,2020,3.11,15.265893725688407,Manchester,1
"Concord, NH",NH,2021-01-31,312487.4662323866,120.0,39356146.0,03301,2021,2.96,15.265893725688407,Manchester,1
"Concord, NH",NH,2021-02-28,318397.9739753678,108.0,36108084.0,03301,2021,2.96,15.265893725688407,Manchester,1
"Concord, NH",NH,2021-03-31,324663.21199086384,117.0,37514682.0,03301,2021,2.96,15.265893725688407,Manchester,1
"Concord, NH",NH,2021-04-30,331462.99035576155,132.0,49726395.0,03301,2021,2.96,15.265893725688407,Manchester,1
"Concord, NH",NH,2021-05-31,338376.70872382744,177.0,66464464.0,03301,2021,2.96,15.265893725688407,Manchester,1
"Concord, NH",NH,2021-06-30,345282.1537922186,202.0,73099158.0,03301,2021,2.96,15.265893725688407,Manchester,1
"Concord, NH",NH,2021-07-31,350703.6215733171,211.0,83413735.0,03301,2021,2.96,15.265893725688407,Manchester,1
"Concord, NH",NH,2021-08-31,353191.95988048177,235.0,97640022.0,03301,2021,2.96,15.265893725688407,Manchester,1
"Concord, NH",NH,2021-09-30,352927.1023214541,217.0,91507285.0,03301,2021,2.96,15.265893725688407,Manchester,1
"Concord, NH",NH,2021-10-31,351902.0193603281,199.0,79655582.0,03301,2021,2.96,15.265893725688407,Manchester,1
"Concord, NH",NH,2021-11-30,351958.5404062777,170.0,74996650.0,03301,2021,2.96,15.265893725688407,Manchester,1
"Concord, NH",NH,2021-12-31,353416.0356027458,159.0,72270610.0,03301,2021,2.96,15.265893725688407,Manchester,1
"Concord, NH",NH,2022-01-31,357974.960489102,94.0,35713419.0,03301,2022,5.34,15.265893725688407,Manchester,1
"Concord, NH",NH,2022-02-28,365110.76833117387,92.0,42484717.0,03301,2022,5.34,15.265893725688407,Manchester,1
"Concord, NH",NH,2022-03-31,374400.8077202583,105.0,43669488.0,03301,2022,5.34,15.265893725688407,Manchester,1
"Concord, NH",NH,2022-04-30,383992.0661406272,105.0,43564282.0,03301,2022,5.34,15.265893725688407,Manchester,1
"Concord, NH",NH,2022-05-31,392290.5015353696,153.0,70394143.0,03301,2022,5.34,15.265893725688407,Manchester,1
"Concord, NH",NH,2022-06-30,398882.5389497808,197.0,92086370.0,03301,2022,5.34,15.265893725688407,Manchester,1
"Concord, NH",NH,2022-07-31,402283.329092059,177.0,78681011.0,03301,2022,5.34,15.265893725688407,Manchester,0
"Concord, NH",NH,2022-08-31,403295.42793872574,185.0,92144007.0,03301,2022,5.34,15.265893725688407,Manchester,0
"Concord, NH",NH,2022-09-30,402831.74770984286,185.0,85456423.0,03301,2022,5.34,15.265893725688407,Manchester,0
"Concord, NH",NH,2022-10-31,402243.3680745077,160.0,83199841.0,03301,2022,5.34,15.265893725688407,Manchester,0
"Concord, NH",NH,2022-11-30,402082.875424906,115.0,56370475.0,03301,2022,5.34,15.265893725688407,Manchester,0
"Concord, NH",NH,2022-12-31,401912.51254358905,119.0,48098904.0,03301,2022,5.34,15.265893725688407,Manchester,0
"Concord, NH",NH,2023-01-31,401514.4120731403,78.0,32921037.0,03301,2023,6.81,15.265893725688407,Manchester,0
"Concord, NH",NH,2023-02-28,401871.56984280766,62.0,27354289.0,03301,2023,6.81,15.265893725688407,Manchester,0
"Concord, NH",NH,2023-03-31,403031.9644527548,87.0,38116832.0,03301,2023,6.81,15.265893725688407,Manchester,0
"Concord, NH",NH,2023-04-30,405644.95342206216,80.0,41699733.0,03301,2023,6.81,15.265893725688407,Manchester,0
"Concord, NH",NH,2023-05-31,408748.97073473496,113.0,49557197.0,03301,2023,6.81,15.265893725688407,Manchester,0
"Concord, NH",NH,2023-06-30,412377.79564095015,145.0,71553697.0,03301,2023,6.81,15.265893725688407,Manchester,0
"Concord, NH",NH,2023-07-31,416079.5074143662,158.0,77409430.0,03301,2023,6.81,15.265893725688407,Manchester,0
"Concord, NH",NH,2023-08-31,420390.3254710226,154.0,77341031.0,03301,2023,6.81,15.265893725688407,Manchester,0
"Concord, NH",NH,2023-09-30,424989.04508642567,148.0,72016630.0,03301,2023,6.81,15.265893725688407,Manchester,0
"Concord, NH",NH,2023-10-31,428941.0182231683,125.0,54828892.0,03301,2023,6.81,15.265893725688407,Manchester,0
"Concord, NH",NH,2023-11-30,431586.89099706727,112.0,57053645.0,03301,2023,6.81,15.265893725688407,Manchester,0
"Concord, NH",NH,2023-12-31,433001.1940933309,100.0,51762798.0,03301,2023,6.81,15.265893725688407,Manchester,0
"Concord, NH",NH,2024-01-31,433930.0020316508,99.0,47634492.0,03301,2024,6.72,15.265893725688407,Manchester,0
"Concord, NH",NH,2024-02-29,435684.4799608996,58.0,30016397.0,03301,2024,6.72,15.265893725688407,Manchester,0
"Concord, NH",NH,2024-03-31,439009.5171635476,83.0,38031040.0,03301,2024,6.72,15.265893725688407,Manchester,0
"Concord, NH",NH,2024-04-30,443605.7123806758,90.0,49552948.0,03301,2024,6.72,15.265893725688407,Manchester,0
"Concord, NH",NH,2024-05-31,447525.0386534119,124.0,60200674.0,03301,2024,6.72,15.265893725688407,Manchester,0
"Concord, NH",NH,2024-06-30,450059.2522008752,168.0,92730018.0,03301,2024,6.72,15.265893725688407,Manchester,0
"Concord, NH",NH,2024-07-31,451498.795751201,153.0,74590648.0,03301,2024,6.72,15.265893725688407,Manchester,0
"Concord, NH",NH,2024-08-31,453399.3605696741,172.0,96902062.0,03301,2024,6.72,15.265893725688407,Manchester,0
"Concord, NH",NH,2024-09-30,455488.347651912,136.0,76984968.0,03301,2024,6.72,15.265893725688407,Manchester,0
"Concord, NH",NH,2024-10-31,458002.2977715341,142.0,72881629.0,03301,2024,6.72,15.265893725688407,Manchester,0
"Concord, NH",NH,2024-11-30,459743.4721527559,143.0,74082148.0,03301,2024,6.72,15.265893725688407,Manchester,0
"Concord, NH",NH,2024-12-31,461890.1222986128,117.0,54507531.0,03301,2024,6.72,15.265893725688407,Manchester,0
"Hartford, CT",CT,2019-01-31,226706.66119001905,694.0,176032033.0,06103,2019,3.94,0.0,Hartford,1
"Hartford, CT",CT,2019-02-28,226990.4801350769,578.0,133822422.0,06103,2019,3.94,0.0,Hartford,1
"Hartford, CT",CT,2019-03-31,227497.3694549201,793.0,208328973.0,06103,2019,3.94,0.0,Hartford,1
"Hartford, CT",CT,2019-04-30,227992.7789728055,969.0,268432967.0,06103,2019,3.94,0.0,Hartford,1
"Hartford, CT",CT,2019-05-31,228299.8169363888,1216.0,332342737.0,06103,2019,3.94,0.0,Hartford,1
"Hartford, CT",CT,2019-06-30,228508.336359288,1457.0,415244516.0,06103,2019,3.94,0.0,Hartford,1
"Hartford, CT",CT,2019-07-31,228727.5619706679,1412.0,407455245.0,06103,2019,3.94,0.0,Hartford,1
"Hartford, CT",CT,2019-08-31,228917.01595788685,1384.0,386576848.0,06103,2019,3.94,0.0,Hartford,1
"Hartford, CT",CT,2019-09-30,228891.58074445,1100.0,297759794.0,06103,2019,3.94,0.0,Hartford,1
"Hartford, CT",CT,2019-10-31,228949.5598699445,1093.0,282995761.0,06103,2019,3.94,0.0,Hartford,1
"Hartford, CT",CT,2019-11-30,229311.78332019012,1011.0,266207047.0,06103,2019,3.94,0.0,Hartford,1
"Hartford, CT",CT,2019-12-31,229973.67804338055,1045.0,270413835.0,06103,2019,3.94,0.0,Hartford,1
"Hartford, CT",CT,2020-01-31,230993.824090107,802.0,219643984.0,06103,2020,3.11,0.0,Hartford,1
"Hartford, CT",CT,2020-02-29,232159.7068435303,678.0,175581017.0,06103,2020,3.11,0.0,Hartford,1
"Hartford, CT",CT,2020-03-31,233776.36663630663,937.0,252095392.0,06103,2020,3.11,0.0,Hartford,1
"Hartford, CT",CT,2020-04-30,235420.36300823023,1000.0,272114007.0,06103,2020,3.11,0.0,Hartford,1
"Hartford, CT",CT,2020-05-31,236303.0867836652,1077.0,306285830.0,06103,2020,3.11,0.0,Hartford,1
"Hartford, CT",CT,2020-06-30,236523.7689971771,1290.0,375217662.0,06103,2020,3.11,0.0,Hartford,1
"Hartford, CT",CT,2020-07-31,236541.46312665983,1699.0,504962605.0,06103,2020,3.11,0.0,Hartford,1
"Hartford, CT",CT,2020-08-31,237503.83368378156,1696.0,519882345.0,06103,2020,3.11,0.0,Hartford,1
"Hartford, CT",CT,2020-09-30,239700.7857576468,1566.0,476703306.0,06103,2020,3.11,0.0,Hartford,1
"Hartford, CT",CT,2020-10-31,242895.67654861812,1576.0,495561592.0,06103,2020,3.11,0.0,Hartford,1
"Hartford, CT",CT,2020-11-30,246824.4462788353,1355.0,419910799.0,06103,2020,3.11,0.0,Hartford,1
"Hartford, CT",CT,2020-12-31,250790.6099820149,1498.0,473241588.0,06103,2020,3.11,0.0,Hartford,1
"Hartford, CT",CT,2021-01-31,254454.1443289717,1023.0,317548297.0,06103,2021,2.96,0.0,Hartford,1
"Hartford, CT",CT,2021-02-28,257885.05726806703,808.0,248435653.0,06103,2021,2.96,0.0,Hartford,1
"Hartford, CT",CT,2021-03-31,261364.2434872937,1093.0,334603481.0,06103,2021,2.96,0.0,Hartford,1
"Hartford, CT",CT,2021-04-30,264918.4302965742,1178.0,398587379.0,06103,2021,2.96,0.0,Hartford,1
"Hartford, CT",CT,2021-05-31,268740.3847436607,1323.0,441425562.0,06103,2021,2.96,0.0,Hartford,1
"Hartford, CT",CT,2021-06-30,272490.7528990562,1754.0,607553996.0,06103,2021,2.96,0.0,Hartford,1
"Hartford, CT",CT,2021-07-31,275108.83962308016,1650.0,585137421.0,06103,2021,2.96,0.0,Hartford,1
"Hartford, CT",CT,2021-08-31,275941.1936307264,1594.0,572673155.0,06103,2021,2.96,0.0,Hartford,1
"Hartford, CT",CT,2021-09-30,275104.1891930364,1359.0,459958746.0,06103,2021,2.96,0.0,Hartford,1
"Hartford, CT",CT,2021-10-31,274401.0573120812,1232.0,437346861.0,06103,2021,2.96,0.0,Hartford,1
"Hartford, CT",CT,2021-11-30,274424.3147219056,1283.0,433343850.0,06103,2021,2.96,0.0,Hartford,1
"Hartford, CT",CT,2021-12-31,275653.3931959044,1262.0,423065286.0,06103,2021,2.96,0.0,Hartford,1
"Hartford, CT",CT,2022-01-31,278707.747626987,856.0,273532373.0,06103,2022,5.34,0.0,Hartford,1
"Hartford, CT",CT,2022-02-28,283310.33822546987,678.0,230346246.0,06103,2022,5.34,0.0,Hartford,1
"Hartford, CT",CT,2022-03-31,288836.0865936757,843.0,284839746.0,06103,2022,5.34,0.0,Hartford,1
"Hartford, CT",CT,2022-04-30,293993.12462030764,920.0,327531159.0,06103,2022,5.34,0.0,Hartford,1
"Hartford, CT",CT,2022-05-31,298789.26264527853,1055.0,383593286.0,06103,2022,5.34,0.0,Hartford,1
"Hartford, CT",CT,2022-06-30,303025.7183334753,1359.0,533367710.0,06103,2022,5.34,0.0,Hartford,1
"Hartford, CT",CT,2022-07-31,305927.7740079326,1206.0,476276976.0,06103,2022,5.34,0.0,Hartford,1
"Hartford, CT",CT,2022-08-31,306625.0966718882,1280.0,491327248.0,06103,2022,5.34,0.0,Hartford,1
"Hartford, CT",CT,2022-09-30,305912.4682102248,1122.0,414243421.0,06103,2022,5.34,0.0,Hartford,1
"Hartford, CT",CT,2022-10-31,305304.7371788452,882.0,312957037.0,06103,2022,5.34,0.0,Hartford,1
"Hartford, CT",CT,2022-11-30,305887.4939335656,786.0,287349598.0,06103,2022,5.34,0.0,Hartford,1
"Hartford, CT",CT,2022-12-31,306865.0799096129,755.0,270779589.0,06103,2022,5.34,0.0,Hartford,1
"Hartford, CT",CT,2023-01-31,307454.0652093088,529.0,188826104.0,06103,2023,6.81,0.0,Hartford,1
"Hartford, CT",CT,2023-02-28,308337.0123922034,491.0,169250141.0,06103,2023,6.81,0.0,Hartford,1
"Hartford, CT",CT,2023-03-31,310118.6422698643,633.0,230755767.0,06103,2023,6.81,0.0,Hartford,1
"Hartford, CT",CT,2023-04-30,313155.4422537045,619.0,227000718.0,06103,2023,6.81,0.0,Hartford,1
"Hartford, CT",CT,2023-05-31,316626.7313862077,812.0,318286575.0,06103,2023,6.81,0.0,Hartford,1
"Hartford, CT",CT,2023-06-30,320471.4395584461,977.0,407654278.0,06103,2023,6.81,0.0,Hartford,1
"Hartford, CT",CT,2023-07-31,324924.9242013854,925.0,382362371.0,06103,2023,6.81,0.0,Hartford,1
"Hartford, CT",CT,2023-08-31,329730.11578330526,1024.0,430268793.0,06103,2023,6.81,0.0,Hartford,1
"Hartford, CT",CT,2023-09-30,334109.7365697887,849.0,345496847.0,06103,2023,6.81,0.0,Hartford,1
"Hartford, CT",CT,2023-10-31,337440.76237959234,822.0,331335643.0,06103,2023,6.81,0.0,Hartford,1
"Hartford, CT",CT,2023-11-30,339756.8652026613,723.0,280261865.0,06103,2023,6.81,0.0,Hartford,1
"Hartford, CT",CT,2023-12-31,341754.471616356,742.0,296094995.0,06103,2023,6.81,0.0,Hartford,1
"Hartford, CT",CT,2024-01-31,343511.0858561032,592.0,223892729.0,06103,2024,6.72,0.0,Hartford,1
"Hartford, CT",CT,2024-02-29,345860.6740159673,446.0,178211418.0,06103,2024,6.72,0.0,Hartford,1
"Hartford, CT",CT,2024-03-31,348972.7670660496,565.0,227935056.0,06103,2024,6.72,0.0,Hartford,1
"Hartford, CT",CT,2024-04-30,352439.45635167294,666.0,272304188.0,06103,2024,6.72,0.0,Hartford,1
"Hartford, CT",CT,2024-05-31,355537.7543997428,765.0,338847645.0,06103,2024,6.72,0.0,Hartford,1
"Hartford, CT",CT,2024-06-30,357646.6908783416,917.0,432545004.0,06103,2024,6.72,0.0,Hartford,1
"Hartford, CT",CT,2024-07-31,359360.076373617,1003.0,459851934.0,06103,2024,6.72,0.0,Hartford,1
"Hartford, CT",CT,2024-08-31,360822.411597689,1058.0,475326903.0,06103,2024,6.72,0.0,Hartford,1
"Hartford, CT",CT,2024-09-30,362551.3844592061,830.0,382279708.0,06103,2024,6.72,0.0,Hartford,1
"Hartford, CT",CT,2024-10-31,363947.4511030943,809.0,350097946.0,06103,2024,6.72,0.0,Hartford,1
"Hartford, CT",CT,2024-11-30,364998.8783027791,795.0,332702602.0,06103,2024,6.72,0.0,Hartford,1
"Hartford, CT",CT,2024-12-31,365879.0956737599,785.0,339199009.0,06103,2024,6.72,0.0,Hartford,1
"Keene, NH",NH,2019-01-31,195918.1511965551,44.0,8482564.0,03431,2019,3.94,42.89766789740466,Manchester,1
"Keene, NH",NH,2019-02-28,196626.15561156173,56.0,10820495.0,03431,2019,3.94,42.89766789740466,Manchester,1
"Keene, NH",NH,2019-03-31,197684.1811867536,68.0,12908111.0,03431,2019,3.94,42.89766789740466,Manchester,1
"Keene, NH",NH,2019-04-30,198803.00159077765,95.0,22295459.0,03431,2019,3.94,42.89766789740466,Manchester,1
"Keene, NH",NH,2019-05-31,199544.67355184173,114.0,24718992.0,03431,2019,3.94,42.89766789740466,Manchester,1
"Keene, NH",NH,2019-06-30,200390.370947488,120.0,29371938.0,03431,2019,3.94,42.89766789740466,Manchester,1
"Keene, NH",NH,2019-07-31,201552.1757547078,128.0,30123922.0,03431,2019,3.94,42.89766789740466,Manchester,1
"Keene, NH",NH,2019-08-31,203066.22770203432,132.0,30543430.0,03431,2019,3.94,42.89766789740466,Manchester,1
"Keene, NH",NH,2019-09-30,204392.8822026584,119.0,26308737.0,03431,2019,3.94,42.89766789740466,Manchester,1
"Keene, NH",NH,2019-10-31,205577.161992208,106.0,26088026.0,03431,2019,3.94,42.89766789740466,Manchester,1
"Keene, NH",NH,2019-11-30,206523.444802032,105.0,23187577.0,03431,2019,3.94,42.89766789740466,Manchester,1
"Keene, NH",NH,2019-12-31,207349.3063239239,85.0,18515629.0,03431,2019,3.94,42.89766789740466,Manchester,1
"Keene, NH",NH,2020-01-31,208146.0698134591,71.0,15394099.0,03431,2020,3.11,42.89766789740466,Manchester,1
"Keene, NH",NH,2020-02-29,209097.56216793336,58.0,15108573.0,03431,2020,3.11,42.89766789740466,Manchester,1
"Keene, NH",NH,2020-03-31,210158.58367546677,52.0,11153895.0,03431,2020,3.11,42.89766789740466,Manchester,1
"Keene, NH",NH,2020-04-30,211380.4691137839,58.0,14373499.0,03431,2020,3.11,42.89766789740466,Manchester,1
"Keene, NH",NH,2020-05-31,212519.2124028675,60.0,14080964.0,03431,2020,3.11,42.89766789740466,Manchester,1
"Keene, NH",NH,2020-06-30,213529.6211976385,116.0,29116825.0,03431,2020,3.11,42.89766789740466,Manchester,1
"Keene, NH",NH,2020-07-31,215062.9939393124,117.0,32482356.0,03431,2020,3.11,42.89766789740466,Manchester,1
"Keene, NH",NH,2020-08-31,217523.69675657127,121.0,33999259.0,03431,2020,3.11,42.89766789740466,Manchester,1
"Keene, NH",NH,2020-09-30,221590.5109651833,117.0,31279145.0,03431,2020,3.11,42.89766789740466,Manchester,1
"Keene, NH",NH,2020-10-31,226530.76932523536,169.0,53147408.0,03431,2020,3.11,42.89766789740466,Manchester,1
"Keene, NH",NH,2020-11-30,232039.5516677471,112.0,32536414.0,03431,2020,3.11,42.89766789740466,Manchester,1
"Keene, NH",NH,2020-12-31,237327.65950852187,100.0,31634629.0,03431,2020,3.11,42.89766789740466,Manchester,1
"Keene, NH",NH,2021-01-31,242064.99740411472,75.0,27895089.0,03431,2021,2.96,42.89766789740466,Manchester,1
"Keene, NH",NH,2021-02-28,246204.5111186836,50.0,14542795.0,03431,2021,2.96,42.89766789740466,Manchester,1
"Keene, NH",NH,2021-03-31,249758.503306118,77.0,23248237.0,03431,2021,2.96,42.89766789740466,Manchester,1
"Keene, NH",NH,2021-04-30,253433.49099767,85.0,23370849.0,03431,2021,2.96,42.89766789740466,Manchester,1
"Keene, NH",NH,2021-05-31,257879.3317410648,86.0,26494505.0,03431,2021,2.96,42.89766789740466,Manchester,1
"Keene, NH",NH,2021-06-30,263018.2732331716,123.0,39650163.0,03431,2021,2.96,42.89766789740466,Manchester,1
"Keene, NH",NH,2021-07-31,267656.8849075104,128.0,40629849.0,03431,2021,2.96,42.89766789740466,Manchester,1
"Keene, NH",NH,2021-08-31,269713.7346312591,132.0,42370450.0,03431,2021,2.96,42.89766789740466,Manchester,1
"Keene, NH",NH,2021-09-30,269655.84568483726,110.0,33602606.0,03431,2021,2.96,42.89766789740466,Manchester,1
"Keene, NH",NH,2021-10-31,268781.2313574546,124.0,39743768.0,03431,2021,2.96,42.89766789740466,Manchester,1
"Keene, NH",NH,2021-11-30,269193.76411226887,114.0,36668521.0,03431,2021,2.96,42.89766789740466,Manchester,1
"Keene, NH",NH,2021-12-31,270672.00801050075,112.0,44934162.0,03431,2021,2.96,42.89766789740466,Manchester,1
"Keene, NH",NH,2022-01-31,274832.418484689,71.0,23611198.0,03431,2022,5.34,42.89766789740466,Manchester,1
"Keene, NH",NH,2022-02-28,280953.8463355454,45.0,12599565.0,03431,2022,5.34,42.89766789740466,Manchester,1
"Keene, NH",NH,2022-03-31,288682.32073950645,45.0,14054932.0,03431,2022,5.34,42.89766789740466,Manchester,1
"Keene, NH",NH,2022-04-30,295930.92561219103,73.0,26254665.0,03431,2022,5.34,42.89766789740466,Manchester,1
"Keene, NH",NH,2022-05-31,302561.9995635431,81.0,29379366.0,03431,2022,5.34,42.89766789740466,Manchester,1
"Keene, NH",NH,2022-06-30,308322.9040033573,108.0,41914631.0,03431,2022,5.34,42.89766789740466,Manchester,1
"Keene, NH",NH,2022-07-31,311914.3650641814,106.0,36130731.0,03431,2022,5.34,42.89766789740466,Manchester,1
"Keene, NH",NH,2022-08-31,313013.9864168637,87.0,31527497.0,03431,2022,5.34,42.89766789740466,Manchester,1
"Keene, NH",NH,2022-09-30,312507.2006101661,103.0,33714511.0,03431,2022,5.34,42.89766789740466,Manchester,1
"Keene, NH",NH,2022-10-31,312054.4543703212,90.0,30867300.0,03431,2022,5.34,42.89766789740466,Manchester,1
"Keene, NH",NH,2022-11-30,312425.72479924443,86.0,30844150.0,03431,2022,5.34,42.89766789740466,Manchester,1
"Keene, NH",NH,2022-12-31,313009.3048266137,84.0,24921557.0,03431,2022,5.34,42.89766789740466,Manchester,1
"Keene, NH",NH,2023-01-31,313375.2769517836,42.0,12503732.0,03431,2023,6.81,42.89766789740466,Manchester,1
"Keene, NH",NH,2023-02-28,313894.89154457714,36.0,10715862.0,03431,2023,6.81,42.89766789740466,Manchester,1
"Keene, NH",NH,2023-03-31,315276.32006512553,53.0,19644899.0,03431,2023,6.81,42.89766789740466,Manchester,1
"Keene, NH",NH,2023-04-30,318290.22201259265,36.0,13075733.0,03431,2023,6.81,42.89766789740466,Manchester,1
"Keene, NH",NH,2023-05-31,322173.1725404737,64.0,27899332.0,03431,2023,6.81,42.89766789740466,Manchester,1
"Keene, NH",NH,2023-06-30,326527.7133293678,85.0,32333761.0,03431,2023,6.81,42.89766789740466,Manchester,1
"Keene, NH",NH,2023-07-31,330257.48325692845,78.0,30496795.0,03431,2023,6.81,42.89766789740466,Manchester,1
"Keene, NH",NH,2023-08-31,333481.0738594005,78.0,32412898.0,03431,2023,6.81,42.89766789740466,Manchester,1
"Keene, NH",NH,2023-09-30,335899.1333978428,73.0,28237598.0,03431,2023,6.81,42.89766789740466,Manchester,1
"Keene, NH",NH,2023-10-31,337710.0051795562,66.0,27893832.0,03431,2023,6.81,42.89766789740466,Manchester,1
"Keene, NH",NH,2023-11-30,338611.21044300264,77.0,29530647.0,03431,2023,6.81,42.89766789740466,Manchester,1
"Keene, NH",NH,2023-12-31,339006.5783282603,55.0,19085698.0,03431,2023,6.81,42.89766789740466,Manchester,1
"Keene, NH",NH,2024-01-31,338740.8697877188,40.0,13901480.0,03431,2024,6.72,42.89766789740466,Manchester,1
"Keene, NH",NH,2024-02-29,339041.0591829657,41.0,13746466.0,03431,2024,6.72,42.89766789740466,Manchester,1
"Keene, NH",NH,2024-03-31,340484.99804371473,51.0,21647599.0,03431,2024,6.72,42.89766789740466,Manchester,1
"Keene, NH",NH,2024-04-30,343449.398750173,49.0,18325899.0,03431,2024,6.72,42.89766789740466,Manchester,1
"Keene, NH",NH,2024-05-31,346393.3119624873,66.0,25441199.0,03431,2024,6.72,42.89766789740466,Manchester,1
"Keene, NH",NH,2024-06-30,348824.00882155984,63.0,24964599.0,03431,2024,6.72,42.89766789740466,Manchester,1
"Keene, NH",NH,2024-07-31,350458.02122839424,90.0,40494470.0,03431,2024,6.72,42.89766789740466,Manchester,1
"Keene, NH",NH,2024-08-31,352704.32156375545,76.0,32238531.0,03431,2024,6.72,42.89766789740466,Manchester,1
"Keene, NH",NH,2024-09-30,354926.1747265291,78.0,35246399.0,03431,2024,6.72,42.89766789740466,Manchester,1
"Keene, NH",NH,2024-10-31,357759.84557411587,90.0,36774831.0,03431,2024,6.72,42.89766789740466,Manchester,1
"Keene, NH",NH,2024-11-30,359631.8806594618,67.0,29572864.0,03431,2024,6.72,42.89766789740466,Manchester,1
"Keene, NH",NH,2024-12-31,361441.0784305279,47.0,18673266.0,03431,2024,6.72,42.89766789740466,Manchester,1
"Laconia, NH",NH,2019-01-31,252322.36415528168,80.0,25493397.0,03246,2019,3.94,36.789019880477014,Manchester,1
"Laconia, NH",NH,2019-02-28,253186.3064100476,60.0,24708132.0,03246,2019,3.94,36.789019880477014,Manchester,1
"Laconia, NH",NH,2019-03-31,254772.3866753016,81.0,26035096.0,03246,2019,3.94,36.789019880477014,Manchester,1
"Laconia, NH",NH,2019-04-30,256340.84813407928,95.0,29729166.0,03246,2019,3.94,36.789019880477014,Manchester,1
"Laconia, NH",NH,2019-05-31,257512.5862282516,131.0,49907805.0,03246,2019,3.94,36.789019880477014,Manchester,1
"Laconia, NH",NH,2019-06-30,258629.9014926478,132.0,50965799.0,03246,2019,3.94,36.789019880477014,Manchester,1
"Laconia, NH",NH,2019-07-31,260187.54879267505,127.0,45638946.0,03246,2019,3.94,36.789019880477014,Manchester,1
"Laconia, NH",NH,2019-08-31,261858.44655480943,148.0,51411435.0,03246,2019,3.94,36.789019880477014,Manchester,1
"Laconia, NH",NH,2019-09-30,263147.1081981142,140.0,45976160.0,03246,2019,3.94,36.789019880477014,Manchester,1
"Laconia, NH",NH,2019-10-31,264309.9949097763,140.0,48931135.0,03246,2019,3.94,36.789019880477014,Manchester,1
"Laconia, NH",NH,2019-11-30,265759.9521836154,120.0,43306632.0,03246,2019,3.94,36.789019880477014,Manchester,1
"Laconia, NH",NH,2019-12-31,267479.4888848707,112.0,34701060.0,03246,2019,3.94,36.789019880477014,Manchester,1
"Laconia, NH",NH,2020-01-31,269104.1460632626,64.0,26521256.0,03246,2020,3.11,36.789019880477014,Manchester,1
"Laconia, NH",NH,2020-02-29,270771.2980856332,60.0,17879854.0,03246,2020,3.11,36.789019880477014,Manchester,1
"Laconia, NH",NH,2020-03-31,272531.2588449742,78.0,24352489.0,03246,2020,3.11,36.789019880477014,Manchester,1
"Laconia, NH",NH,2020-04-30,274334.28149258846,88.0,36322430.0,03246,2020,3.11,36.789019880477014,Manchester,1
"Laconia, NH",NH,2020-05-31,275556.86067077186,86.0,35036794.0,03246,2020,3.11,36.789019880477014,Manchester,1
"Laconia, NH",NH,2020-06-30,276411.6139079093,158.0,60375417.0,03246,2020,3.11,36.789019880477014,Manchester,1
"Laconia, NH",NH,2020-07-31,277594.91413644707,189.0,77072458.0,03246,2020,3.11,36.789019880477014,Manchester,1
"Laconia, NH",NH,2020-08-31,280023.9224463401,126.0,53138648.0,03246,2020,3.11,36.789019880477014,Manchester,1
"Laconia, NH",NH,2020-09-30,284510.9184466932,162.0,108622562.0,03246,2020,3.11,36.789019880477014,Manchester,1
"Laconia, NH",NH,2020-10-31,290556.1576199972,170.0,81438931.0,03246,2020,3.11,36.789019880477014,Manchester,1
"Laconia, NH",NH,2020-11-30,297676.38045397954,120.0,52689997.0,03246,2020,3.11,36.789019880477014,Manchester,1
"Laconia, NH",NH,2020-12-31,305119.4495250828,116.0,50319922.0,03246,2020,3.11,36.789019880477014,Manchester,1
"Laconia, NH",NH,2021-01-31,312367.1683371749,73.0,30550230.0,03246,2021,2.96,36.789019880477014,Manchester,1
"Laconia, NH",NH,2021-02-28,319690.6032391858,72.0,27185398.0,03246,2021,2.96,36.789019880477014,Manchester,1
"Laconia, NH",NH,2021-03-31,326965.6226337716,70.0,33463017.0,03246,2021,2.96,36.789019880477014,Manchester,1
"Laconia, NH",NH,2021-04-30,335178.56607517286,88.0,40625036.0,03246,2021,2.96,36.789019880477014,Manchester,1
"Laconia, NH",NH,2021-05-31,344447.26736260473,108.0,60006922.0,03246,2021,2.96,36.789019880477014,Manchester,1
"Laconia, NH",NH,2021-06-30,353741.09968093113,118.0,51645876.0,03246,2021,2.96,36.789019880477014,Manchester,1
"Laconia, NH",NH,2021-07-31,361852.6305279508,118.0,62573110.0,03246,2021,2.96,36.789019880477014,Manchester,1
"Laconia, NH",NH,2021-08-31,366996.74400779913,114.0,56290667.0,03246,2021,2.96,36.789019880477014,Manchester,1
"Laconia, NH",NH,2021-09-30,369649.8254269103,138.0,74827848.0,03246,2021,2.96,36.789019880477014,Manchester,1
"Laconia, NH",NH,2021-10-31,370773.2645229594,132.0,76923360.0,03246,2021,2.96,36.789019880477014,Manchester,1
"Laconia, NH",NH,2021-11-30,371934.5261252525,115.0,52701007.0,03246,2021,2.96,36.789019880477014,Manchester,1
"Laconia, NH",NH,2021-12-31,373980.40467622114,111.0,57675266.0,03246,2021,2.96,36.789019880477014,Manchester,1
"Laconia, NH",NH,2022-01-31,379307.0905186599,69.0,35116632.0,03246,2022,5.34,36.789019880477014,Manchester,1
"Laconia, NH",NH,2022-02-28,387838.2275923549,39.0,25342884.0,03246,2022,5.34,36.789019880477014,Manchester,1
"Laconia, NH",NH,2022-03-31,399401.4539498288,72.0,43578121.0,03246,2022,5.34,36.789019880477014,Manchester,1
"Laconia, NH",NH,2022-04-30,411254.6200728491,75.0,37121333.0,03246,2022,5.34,36.789019880477014,Manchester,0
"Laconia, NH",NH,2022-05-31,421576.1590563709,97.0,47630632.0,03246,2022,5.34,36.789019880477014,Manchester,0
"Laconia, NH",NH,2022-06-30,428789.14727952814,90.0,49743885.0,03246,2022,5.34,36.789019880477014,Manchester,0
"Laconia, NH",NH,2022-07-31,431291.6733558399,80.0,41068323.0,03246,2022,5.34,36.789019880477014,Manchester,0
"Laconia, NH",NH,2022-08-31,430286.72083921154,123.0,71457125.0,03246,2022,5.34,36.789019880477014,Manchester,0
"Laconia, NH",NH,2022-09-30,427491.0772137873,123.0,71221262.0,03246,2022,5.34,36.789019880477014,Manchester,0
"Laconia, NH",NH,2022-10-31,425217.4163809985,115.0,73191133.0,03246,2022,5.34,36.789019880477014,Manchester,0
"Laconia, NH",NH,2022-11-30,424336.8956039651,56.0,55822699.0,03246,2022,5.34,36.789019880477014,Manchester,0
"Laconia, NH",NH,2022-12-31,424406.9473920677,71.0,33234331.0,03246,2022,5.34,36.789019880477014,Manchester,0
"Laconia, NH",NH,2023-01-31,424189.3519517077,34.0,15780898.0,03246,2023,6.81,36.789019880477014,Manchester,0
"Laconia, NH",NH,2023-02-28,424426.2635264672,32.0,12501365.0,03246,2023,6.81,36.789019880477014,Manchester,0
"Laconia, NH",NH,2023-03-31,424759.2663530164,57.0,40772772.0,03246,2023,6.81,36.789019880477014,Manchester,0
"Laconia, NH",NH,2023-04-30,426791.8797819295,48.0,27817599.0,03246,2023,6.81,36.789019880477014,Manchester,0
"Laconia, NH",NH,2023-05-31,429658.4690609588,59.0,31649973.0,03246,2023,6.81,36.789019880477014,Manchester,0
"Laconia, NH",NH,2023-06-30,434161.5784583495,92.0,65538388.0,03246,2023,6.81,36.789019880477014,Manchester,0
"Laconia, NH",NH,2023-07-31,439533.3152139808,94.0,56154581.0,03246,2023,6.81,36.789019880477014,Manchester,0
"Laconia, NH",NH,2023-08-31,445333.5172742588,104.0,65387982.0,03246,2023,6.81,36.789019880477014,Manchester,0
"Laconia, NH",NH,2023-09-30,450554.9714285385,72.0,39251032.0,03246,2023,6.81,36.789019880477014,Manchester,0
"Laconia, NH",NH,2023-10-31,454423.2637285892,82.0,49872771.0,03246,2023,6.81,36.789019880477014,Manchester,0
"Laconia, NH",NH,2023-11-30,456381.4901311055,77.0,48546198.0,03246,2023,6.81,36.789019880477014,Manchester,0
"Laconia, NH",NH,2023-12-31,457253.0614358533,54.0,25817849.0,03246,2023,6.81,36.789019880477014,Manchester,0
"Laconia, NH",NH,2024-01-31,457219.6636877402,39.0,20479665.0,03246,2024,6.72,36.789019880477014,Manchester,0
"Laconia, NH",NH,2024-02-29,457578.2882420333,45.0,23691466.0,03246,2024,6.72,36.789019880477014,Manchester,0
"Laconia, NH",NH,2024-03-31,459518.5837479877,58.0,39536864.0,03246,2024,6.72,36.789019880477014,Manchester,0
"Laconia, NH",NH,2024-04-30,462762.025288268,56.0,40267765.0,03246,2024,6.72,36.789019880477014,Manchester,0
"Laconia, NH",NH,2024-05-31,466110.2370705296,87.0,57815366.0,03246,2024,6.72,36.789019880477014,Manchester,0
"Laconia, NH",NH,2024-06-30,468693.5988952505,67.0,42854249.0,03246,2024,6.72,36.789019880477014,Manchester,0
"Laconia, NH",NH,2024-07-31,470853.185190806,80.0,65863594.0,03246,2024,6.72,36.789019880477014,Manchester,0
"Laconia, NH",NH,2024-08-31,473958.8413407654,97.0,75103847.0,03246,2024,6.72,36.789019880477014,Manchester,0
"Laconia, NH",NH,2024-09-30,477214.9232115413,94.0,65374899.0,03246,2024,6.72,36.789019880477014,Manchester,0
"Laconia, NH",NH,2024-10-31,480111.2493005596,72.0,50441964.0,03246,2024,6.72,36.789019880477014,Manchester,0
"Laconia, NH",NH,2024-11-30,481418.897108516,72.0,57941498.0,03246,2024,6.72,36.789019880477014,Manchester,0
"Laconia, NH",NH,2024-12-31,482055.14073733496,68.0,34904182.0,03246,2024,6.72,36.789019880477014,Manchester,0
"Lebanon, NH",NH,2019-01-31,,156.0,37890878.0,,2019,3.94,,Manchester,0
"Lebanon, NH",NH,2019-02-28,,161.0,41462068.0,,2019,3.94,,Manchester,0
"Lebanon, NH",NH,2019-03-31,,219.0,59127040.0,,2019,3.94,,Manchester,0
"Lebanon, NH",NH,2019-04-30,,274.0,82090345.0,,2019,3.94,,Manchester,0
"Lebanon, NH",NH,2019-05-31,,355.0,92953681.0,,2019,3.94,,Manchester,0
"Lebanon, NH",NH,2019-06-30,,368.0,99678788.0,,2019,3.94,,Manchester,0
"Lebanon, NH",NH,2019-07-31,,360.0,90823865.0,,2019,3.94,,Manchester,0
"Lebanon, NH",NH,2019-08-31,,376.0,99970967.0,,2019,3.94,,Manchester,0
"Lebanon, NH",NH,2019-09-30,,353.0,100477194.0,,2019,3.94,,Manchester,0
"Lebanon, NH",NH,2019-10-31,,365.0,97630013.0,,2019,3.94,,Manchester,0
"Lebanon, NH",NH,2019-11-30,,353.0,90804058.0,,2019,3.94,,Manchester,0
"Lebanon, NH",NH,2019-12-31,,315.0,100481327.0,,2019,3.94,,Manchester,0
"Lebanon, NH",NH,2020-01-31,,214.0,56015935.0,,2020,3.11,,Manchester,0
"Lebanon, NH",NH,2020-02-29,,193.0,49064311.0,,2020,3.11,,Manchester,0
"Lebanon, NH",NH,2020-03-31,,259.0,71245420.0,,2020,3.11,,Manchester,0
"Lebanon, NH",NH,2020-04-30,,244.0,69992513.0,,2020,3.11,,Manchester,0
"Lebanon, NH",NH,2020-05-31,,268.0,86813626.0,,2020,3.11,,Manchester,0
"Lebanon, NH",NH,2020-06-30,,384.0,133183109.0,,2020,3.11,,Manchester,0
"Lebanon, NH",NH,2020-07-31,,495.0,170397738.0,,2020,3.11,,Manchester,0
"Lebanon, NH",NH,2020-08-31,,517.0,180704415.0,,2020,3.11,,Manchester,0
"Lebanon, NH",NH,2020-09-30,,506.0,181749676.0,,2020,3.11,,Manchester,0
"Lebanon, NH",NH,2020-10-31,,549.0,196095829.0,,2020,3.11,,Manchester,0
"Lebanon, NH",NH,2020-11-30,,408.0,137072406.0,,2020,3.11,,Manchester,0
"Lebanon, NH",NH,2020-12-31,,449.0,192075734.0,,2020,3.11,,Manchester,0
"Lebanon, NH",NH,2021-01-31,,290.0,96329811.0,,2021,2.96,,Manchester,0
"Lebanon, NH",NH,2021-02-28,,224.0,76420437.0,,2021,2.96,,Manchester,0
"Lebanon, NH",NH,2021-03-31,,309.0,108261362.0,,2021,2.96,,Manchester,0
"Lebanon, NH",NH,2021-04-30,,330.0,122135346.0,,2021,2.96,,Manchester,0
"Lebanon, NH",NH,2021-05-31,,342.0,130542336.0,,2021,2.96,,Manchester,0
"Lebanon, NH",NH,2021-06-30,,411.0,165103642.0,,2021,2.96,,Manchester,0
"Lebanon, NH",NH,2021-07-31,,429.0,163923614.0,,2021,2.96,,Manchester,0
"Lebanon, NH",NH,2021-08-31,,424.0,160116743.0,,2021,2.96,,Manchester,0
"Lebanon, NH",NH,2021-09-30,,372.0,150723921.0,,2021,2.96,,Manchester,0
"Lebanon, NH",NH,2021-10-31,,436.0,196360241.0,,2021,2.96,,Manchester,0
"Lebanon, NH",NH,2021-11-30,,364.0,130155773.0,,2021,2.96,,Manchester,0
"Lebanon, NH",NH,2021-12-31,,357.0,133953714.0,,2021,2.96,,Manchester,0
"Lebanon, NH",NH,2022-01-31,,203.0,79641842.0,,2022,5.34,,Manchester,0
"Lebanon, NH",NH,2022-02-28,,152.0,64206494.0,,2022,5.34,,Manchester,0
"Lebanon, NH",NH,2022-03-31,,206.0,99239682.0,,2022,5.34,,Manchester,0
"Lebanon, NH",NH,2022-04-30,,241.0,108946853.0,,2022,5.34,,Manchester,0
"Lebanon, NH",NH,2022-05-31,,280.0,125551785.0,,2022,5.34,,Manchester,0
"Lebanon, NH",NH,2022-06-30,,344.0,154253221.0,,2022,5.34,,Manchester,0
"Lebanon, NH",NH,2022-07-31,,376.0,178540598.0,,2022,5.34,,Manchester,0
"Lebanon, NH",NH,2022-08-31,,376.0,164104602.0,,2022,5.34,,Manchester,0
"Lebanon, NH",NH,2022-09-30,,364.0,163900256.0,,2022,5.34,,Manchester,0
"Lebanon, NH",NH,2022-10-31,,293.0,125438983.0,,2022,5.34,,Manchester,0
"Lebanon, NH",NH,2022-11-30,,300.0,137919164.0,,2022,5.34,,Manchester,0
"Lebanon, NH",NH,2022-12-31,,239.0,90846496.0,,2022,5.34,,Manchester,0
"Lebanon, NH",NH,2023-01-31,,150.0,73208816.0,,2023,6.81,,Manchester,0
"Lebanon, NH",NH,2023-02-28,,114.0,52369563.0,,2023,6.81,,Manchester,0
"Lebanon, NH",NH,2023-03-31,,194.0,80337890.0,,2023,6.81,,Manchester,0
"Lebanon, NH",NH,2023-04-30,,187.0,75883389.0,,2023,6.81,,Manchester,0
"Lebanon, NH",NH,2023-05-31,,250.0,116364937.0,,2023,6.81,,Manchester,0
"Lebanon, NH",NH,2023-06-30,,331.0,161317498.0,,2023,6.81,,Manchester,0
"Lebanon, NH",NH,2023-07-31,,320.0,159434012.0,,2023,6.81,,Manchester,0
"Lebanon, NH",NH,2023-08-31,,347.0,183744318.0,,2023,6.81,,Manchester,0
"Lebanon, NH",NH,2023-09-30,,321.0,156359969.0,,2023,6.81,,Manchester,0
"Lebanon, NH",NH,2023-10-31,,302.0,150617430.0,,2023,6.81,,Manchester,0
"Lebanon, NH",NH,2023-11-30,,259.0,113386937.0,,2023,6.81,,Manchester,0
"Lebanon, NH",NH,2023-12-31,,218.0,107825046.0,,2023,6.81,,Manchester,0
"Lebanon, NH",NH,2024-01-31,,155.0,62558057.0,,2024,6.72,,Manchester,0
"Lebanon, NH",NH,2024-02-29,,173.0,76924532.0,,2024,6.72,,Manchester,0
"Lebanon, NH",NH,2024-03-31,,157.0,79100147.0,,2024,6.72,,Manchester,0
"Lebanon, NH",NH,2024-04-30,,188.0,115777793.0,,2024,6.72,,Manchester,0
"Lebanon, NH",NH,2024-05-31,,240.0,109692737.0,,2024,6.72,,Manchester,0
"Lebanon, NH",NH,2024-06-30,,276.0,128615078.0,,2024,6.72,,Manchester,0
"Lebanon, NH",NH,2024-07-31,,320.0,177572081.0,,2024,6.72,,Manchester,0
"Lebanon, NH",NH,2024-08-31,,316.0,150459708.0,,2024,6.72,,Manchester,0
"Lebanon, NH",NH,2024-09-30,,297.0,155114618.0,,2024,6.72,,Manchester,0
"Lebanon, NH",NH,2024-10-31,,298.0,141272574.0,,2024,6.72,,Manchester,0
"Lebanon, NH",NH,2024-11-30,,269.0,135826880.0,,2024,6.72,,Manchester,0
"Lebanon, NH",NH,2024-12-31,,257.0,136433512.0,,2024,6.72,,Manchester,0
"Manchester, NH",NH,2019-01-31,288345.3476762132,237.0,70928828.0,03101,2019,3.94,0.0,Manchester,1
"Manchester, NH",NH,2019-02-28,288625.22983218264,276.0,80912125.0,03101,2019,3.94,0.0,Manchester,1
"Manchester, NH",NH,2019-03-31,289608.21538191434,324.0,98105053.0,03101,2019,3.94,0.0,Manchester,1
"Manchester, NH",NH,2019-04-30,291350.8017689994,387.0,120141204.0,03101,2019,3.94,0.0,Manchester,1
"Manchester, NH",NH,2019-05-31,293145.37422834855,491.0,160971504.0,03101,2019,3.94,0.0,Manchester,1
"Manchester, NH",NH,2019-06-30,294685.1747779318,602.0,204259889.0,03101,2019,3.94,0.0,Manchester,1
"Manchester, NH",NH,2019-07-31,296198.8774613465,603.0,196481460.0,03101,2019,3.94,0.0,Manchester,1
"Manchester, NH",NH,2019-08-31,297428.64468204865,561.0,189566597.0,03101,2019,3.94,0.0,Manchester,1
"Manchester, NH",NH,2019-09-30,298431.5589843404,472.0,152337201.0,03101,2019,3.94,0.0,Manchester,1
"Manchester, NH",NH,2019-10-31,299626.624908976,493.0,159597106.0,03101,2019,3.94,0.0,Manchester,1
"Manchester, NH",NH,2019-11-30,301240.28584231826,421.0,135741832.0,03101,2019,3.94,0.0,Manchester,1
"Manchester, NH",NH,2019-12-31,302971.6105530281,434.0,138790547.0,03101,2019,3.94,0.0,Manchester,1
"Manchester, NH",NH,2020-01-31,304665.0967224987,272.0,82840108.0,03101,2020,3.11,0.0,Manchester,1
"Manchester, NH",NH,2020-02-29,306382.8465965735,199.0,63837461.0,03101,2020,3.11,0.0,Manchester,1
"Manchester, NH",NH,2020-03-31,308770.9611585101,341.0,111477797.0,03101,2020,3.11,0.0,Manchester,1
"Manchester, NH",NH,2020-04-30,311290.3246500928,349.0,121633614.0,03101,2020,3.11,0.0,Manchester,1
"Manchester, NH",NH,2020-05-31,313359.1811221197,379.0,131182959.0,03101,2020,3.11,0.0,Manchester,1
"Manchester, NH",NH,2020-06-30,314932.0944248618,506.0,179886371.0,03101,2020,3.11,0.0,Manchester,1
"Manchester, NH",NH,2020-07-31,316579.7394897859,535.0,192014117.0,03101,2020,3.11,0.0,Manchester,1
"Manchester, NH",NH,2020-08-31,319417.05539971933,563.0,209204115.0,03101,2020,3.11,0.0,Manchester,1
"Manchester, NH",NH,2020-09-30,323808.26254250074,492.0,182495404.0,03101,2020,3.11,0.0,Manchester,1
"Manchester, NH",NH,2020-10-31,329174.6433540915,498.0,186801558.0,03101,2020,3.11,0.0,Manchester,1
"Manchester, NH",NH,2020-11-30,334901.4970515357,453.0,182422153.0,03101,2020,3.11,0.0,Manchester,1
"Manchester, NH",NH,2020-12-31,340345.8992606337,488.0,189214386.0,03101,2020,3.11,0.0,Manchester,1
"Manchester, NH",NH,2021-01-31,345627.5499031422,287.0,111563051.0,03101,2021,2.96,0.0,Manchester,1
"Manchester, NH",NH,2021-02-28,351314.1640579561,224.0,88266026.0,03101,2021,2.96,0.0,Manchester,1
"Manchester, NH",NH,2021-03-31,357455.3090286167,272.0,105934419.0,03101,2021,2.96,0.0,Manchester,1
"Manchester, NH",NH,2021-04-30,364603.86570245377,337.0,143352276.0,03101,2021,2.96,0.0,Manchester,1
"Manchester, NH",NH,2021-05-31,371853.31012086297,367.0,163754855.0,03101,2021,2.96,0.0,Manchester,1
"Manchester, NH",NH,2021-06-30,378867.5648407403,553.0,261071256.0,03101,2021,2.96,0.0,Manchester,1
"Manchester, NH",NH,2021-07-31,383594.3053287708,516.0,228200627.0,03101,2021,2.96,0.0,Manchester,1
"Manchester, NH",NH,2021-08-31,384813.3568457572,522.0,236763095.0,03101,2021,2.96,0.0,Manchester,1
"Manchester, NH",NH,2021-09-30,382888.9991349955,494.0,219951051.0,03101,2021,2.96,0.0,Manchester,1
"Manchester, NH",NH,2021-10-31,380765.66579372296,472.0,209227724.0,03101,2021,2.96,0.0,Manchester,1
"Manchester, NH",NH,2021-11-30,380635.2665619592,427.0,185564504.0,03101,2021,2.96,0.0,Manchester,1
"Manchester, NH",NH,2021-12-31,382605.325435112,374.0,160933892.0,03101,2021,2.96,0.0,Manchester,1
"Manchester, NH",NH,2022-01-31,387649.91096170695,223.0,103050593.0,03101,2022,5.34,0.0,Manchester,1
"Manchester, NH",NH,2022-02-28,395471.408264746,173.0,73651470.0,03101,2022,5.34,0.0,Manchester,1
"Manchester, NH",NH,2022-03-31,405821.97451262246,233.0,116082975.0,03101,2022,5.34,0.0,Manchester,0
"Manchester, NH",NH,2022-04-30,416032.1237387134,256.0,126352303.0,03101,2022,5.34,0.0,Manchester,0
"Manchester, NH",NH,2022-05-31,424170.987898672,370.0,189417956.0,03101,2022,5.34,0.0,Manchester,0
"Manchester, NH",NH,2022-06-30,429808.3675772308,478.0,252209108.0,03101,2022,5.34,0.0,Manchester,0
"Manchester, NH",NH,2022-07-31,432009.6202504604,419.0,211654593.0,03101,2022,5.34,0.0,Manchester,0
"Manchester, NH",NH,2022-08-31,431802.3435961899,442.0,216485247.0,03101,2022,5.34,0.0,Manchester,0
"Manchester, NH",NH,2022-09-30,430339.1788863468,391.0,193654737.0,03101,2022,5.34,0.0,Manchester,0
"Manchester, NH",NH,2022-10-31,429862.79678802827,328.0,156046050.0,03101,2022,5.34,0.0,Manchester,0
"Manchester, NH",NH,2022-11-30,430690.80122812703,278.0,135234895.0,03101,2022,5.34,0.0,Manchester,0
"Manchester, NH",NH,2022-12-31,432162.9365980108,245.0,115310136.0,03101,2022,5.34,0.0,Manchester,0
"Manchester, NH",NH,2023-01-31,433067.14358096366,164.0,75049622.0,03101,2023,6.81,0.0,Manchester,0
"Manchester, NH",NH,2023-02-28,434567.848277909,142.0,65512460.0,03101,2023,6.81,0.0,Manchester,0
"Manchester, NH",NH,2023-03-31,436830.2147192055,187.0,89324387.0,03101,2023,6.81,0.0,Manchester,0
"Manchester, NH",NH,2023-04-30,440128.0616373268,194.0,93961505.0,03101,2023,6.81,0.0,Manchester,0
"Manchester, NH",NH,2023-05-31,443552.0958097908,262.0,131720248.0,03101,2023,6.81,0.0,Manchester,0
"Manchester, NH",NH,2023-06-30,447121.0741946842,398.0,216212834.0,03101,2023,6.81,0.0,Manchester,0
"Manchester, NH",NH,2023-07-31,451035.5266086138,324.0,178025918.0,03101,2023,6.81,0.0,Manchester,0
"Manchester, NH",NH,2023-08-31,455519.79560410633,360.0,196003297.0,03101,2023,6.81,0.0,Manchester,0
"Manchester, NH",NH,2023-09-30,460158.3654042268,296.0,158073256.0,03101,2023,6.81,0.0,Manchester,0
"Manchester, NH",NH,2023-10-31,464099.6865587363,294.0,148812517.0,03101,2023,6.81,0.0,Manchester,0
"Manchester, NH",NH,2023-11-30,466471.01578677184,279.0,136218327.0,03101,2023,6.81,0.0,Manchester,0
"Manchester, NH",NH,2023-12-31,467881.6484159992,249.0,131559344.0,03101,2023,6.81,0.0,Manchester,0
"Manchester, NH",NH,2024-01-31,468996.9413513926,155.0,78359546.0,03101,2024,6.72,0.0,Manchester,0
"Manchester, NH",NH,2024-02-29,471501.5256722504,135.0,72763921.0,03101,2024,6.72,0.0,Manchester,0
"Manchester, NH",NH,2024-03-31,475646.1725647639,155.0,85216100.0,03101,2024,6.72,0.0,Manchester,0
"Manchester, NH",NH,2024-04-30,480593.8216459553,200.0,111949673.0,03101,2024,6.72,0.0,Manchester,0
"Manchester, NH",NH,2024-05-31,484660.6170091403,272.0,168721860.0,03101,2024,6.72,0.0,Manchester,0
"Manchester, NH",NH,2024-06-30,486924.4470613341,310.0,188411170.0,03101,2024,6.72,0.0,Manchester,0
"Manchester, NH",NH,2024-07-31,488236.8221641039,333.0,191046718.0,03101,2024,6.72,0.0,Manchester,0
"Manchester, NH",NH,2024-08-31,489937.5325360719,350.0,197250956.0,03101,2024,6.72,0.0,Manchester,0
"Manchester, NH",NH,2024-09-30,492015.5171079325,300.0,165425042.0,03101,2024,6.72,0.0,Manchester,0
"Manchester, NH",NH,2024-10-31,494363.3962386058,284.0,161063836.0,03101,2024,6.72,0.0,Manchester,0
"Manchester, NH",NH,2024-11-30,496197.3643834235,276.0,146871379.0,03101,2024,6.72,0.0,Manchester,0
"Manchester, NH",NH,2024-12-31,498084.3295040031,257.0,141388162.0,03101,2024,6.72,0.0,Manchester,0
"New Haven, CT",CT,2019-01-31,223791.3507171273,434.0,107934583.0,06510,2019,3.94,34.24312641782373,Hartford,1
"New Haven, CT",CT,2019-02-28,224481.4271808027,397.0,96756458.0,06510,2019,3.94,34.24312641782373,Hartford,1
"New Haven, CT",CT,2019-03-31,225340.0491222345,484.0,131889836.0,06510,2019,3.94,34.24312641782373,Hartford,1
"New Haven, CT",CT,2019-04-30,226152.3731757747,640.0,181429144.0,06510,2019,3.94,34.24312641782373,Hartford,1
"New Haven, CT",CT,2019-05-31,226560.28006840983,846.0,244230252.0,06510,2019,3.94,34.24312641782373,Hartford,1
"New Haven, CT",CT,2019-06-30,226826.4598894088,912.0,274279182.0,06510,2019,3.94,34.24312641782373,Hartford,1
"New Haven, CT",CT,2019-07-31,227054.80254129588,962.0,272592669.0,06510,2019,3.94,34.24312641782373,Hartford,1
"New Haven, CT",CT,2019-08-31,227358.16273691528,905.0,256751398.0,06510,2019,3.94,34.24312641782373,Hartford,1
"New Haven, CT",CT,2019-09-30,227521.88435003723,719.0,189000659.0,06510,2019,3.94,34.24312641782373,Hartford,1
"New Haven, CT",CT,2019-10-31,227917.76054744297,683.0,186277935.0,06510,2019,3.94,34.24312641782373,Hartford,1
"New Haven, CT",CT,2019-11-30,228721.9837005341,642.0,164108257.0,06510,2019,3.94,34.24312641782373,Hartford,1
"New Haven, CT",CT,2019-12-31,229789.67214973812,669.0,166716787.0,06510,2019,3.94,34.24312641782373,Hartford,1
"New Haven, CT",CT,2020-01-31,231177.7115403985,525.0,128867009.0,06510,2020,3.11,34.24312641782373,Hartford,1
"New Haven, CT",CT,2020-02-29,232593.09989479196,467.0,111221339.0,06510,2020,3.11,34.24312641782373,Hartford,1
"New Haven, CT",CT,2020-03-31,234512.5544962158,615.0,165522956.0,06510,2020,3.11,34.24312641782373,Hartford,1
"New Haven, CT",CT,2020-04-30,236301.30196207756,561.0,154820727.0,06510,2020,3.11,34.24312641782373,Hartford,1
"New Haven, CT",CT,2020-05-31,237518.37375751827,648.0,176159194.0,06510,2020,3.11,34.24312641782373,Hartford,1
"New Haven, CT",CT,2020-06-30,237874.19776166105,785.0,229048855.0,06510,2020,3.11,34.24312641782373,Hartford,1
"New Haven, CT",CT,2020-07-31,237995.9069554872,1035.0,323928237.0,06510,2020,3.11,34.24312641782373,Hartford,1
"New Haven, CT",CT,2020-08-31,238938.1149608192,1066.0,327362963.0,06510,2020,3.11,34.24312641782373,Hartford,1
"New Haven, CT",CT,2020-09-30,241260.52781957955,998.0,309722347.0,06510,2020,3.11,34.24312641782373,Hartford,1
"New Haven, CT",CT,2020-10-31,244880.4851866385,1106.0,348448898.0,06510,2020,3.11,34.24312641782373,Hartford,1
"New Haven, CT",CT,2020-11-30,249382.77683096527,941.0,298332379.0,06510,2020,3.11,34.24312641782373,Hartford,1
"New Haven, CT",CT,2020-12-31,254199.318678048,977.0,308930342.0,06510,2020,3.11,34.24312641782373,Hartford,1
"New Haven, CT",CT,2021-01-31,258853.7632288522,768.0,228551218.0,06510,2021,2.96,34.24312641782373,Hartford,1
"New Haven, CT",CT,2021-02-28,263366.5568253075,618.0,182299148.0,06510,2021,2.96,34.24312641782373,Hartford,1
"New Haven, CT",CT,2021-03-31,267824.8746006685,735.0,243663820.0,06510,2021,2.96,34.24312641782373,Hartford,1
"New Haven, CT",CT,2021-04-30,272219.284737433,783.0,268011900.0,06510,2021,2.96,34.24312641782373,Hartford,1
"New Haven, CT",CT,2021-05-31,276810.2756930851,832.0,300861519.0,06510,2021,2.96,34.24312641782373,Hartford,1
"New Haven, CT",CT,2021-06-30,281363.0982867893,1098.0,399812650.0,06510,2021,2.96,34.24312641782373,Hartford,1
"New Haven, CT",CT,2021-07-31,284787.6472065884,977.0,360876294.0,06510,2021,2.96,34.24312641782373,Hartford,1
"New Haven, CT",CT,2021-08-31,286256.31997682893,962.0,340699907.0,06510,2021,2.96,34.24312641782373,Hartford,1
"New Haven, CT",CT,2021-09-30,285702.86250391934,887.0,315516601.0,06510,2021,2.96,34.24312641782373,Hartford,1
"New Haven, CT",CT,2021-10-31,285005.2594570604,832.0,288206075.0,06510,2021,2.96,34.24312641782373,Hartford,1
"New Haven, CT",CT,2021-11-30,285133.24080258165,758.0,266428292.0,06510,2021,2.96,34.24312641782373,Hartford,1
"New Haven, CT",CT,2021-12-31,286777.1712402473,813.0,278504201.0,06510,2021,2.96,34.24312641782373,Hartford,1
"New Haven, CT",CT,2022-01-31,290619.32009202713,604.0,201509289.0,06510,2022,5.34,34.24312641782373,Hartford,1
"New Haven, CT",CT,2022-02-28,295937.01473410154,475.0,185965154.0,06510,2022,5.34,34.24312641782373,Hartford,1
"New Haven, CT",CT,2022-03-31,301903.2499917702,613.0,215069283.0,06510,2022,5.34,34.24312641782373,Hartford,1
"New Haven, CT",CT,2022-04-30,307379.83184865693,620.0,241764928.0,06510,2022,5.34,34.24312641782373,Hartford,1
"New Haven, CT",CT,2022-05-31,312164.4891957459,740.0,283457156.0,06510,2022,5.34,34.24312641782373,Hartford,1
"New Haven, CT",CT,2022-06-30,316353.23893217405,848.0,346071665.0,06510,2022,5.34,34.24312641782373,Hartford,1
"New Haven, CT",CT,2022-07-31,318937.6495709101,782.0,327214719.0,06510,2022,5.34,34.24312641782373,Hartford,1
"New Haven, CT",CT,2022-08-31,319704.05524925387,830.0,334205893.0,06510,2022,5.34,34.24312641782373,Hartford,1
"New Haven, CT",CT,2022-09-30,319229.879674626,711.0,283098675.0,06510,2022,5.34,34.24312641782373,Hartford,1
"New Haven, CT",CT,2022-10-31,318924.7609371675,569.0,219288568.0,06510,2022,5.34,34.24312641782373,Hartford,1
"New Haven, CT",CT,2022-11-30,319440.0973273909,524.0,198424623.0,06510,2022,5.34,34.24312641782373,Hartford,1
"New Haven, CT",CT,2022-12-31,320245.6670976155,540.0,193820037.0,06510,2022,5.34,34.24312641782373,Hartford,1
"New Haven, CT",CT,2023-01-31,320503.86446053704,399.0,135683131.0,06510,2023,6.81,34.24312641782373,Hartford,1
"New Haven, CT",CT,2023-02-28,321271.77739097684,327.0,110476506.0,06510,2023,6.81,34.24312641782373,Hartford,1
"New Haven, CT",CT,2023-03-31,322668.43548474315,485.0,171985280.0,06510,2023,6.81,34.24312641782373,Hartford,1
"New Haven, CT",CT,2023-04-30,325374.4040908534,429.0,171191958.0,06510,2023,6.81,34.24312641782373,Hartford,1
"New Haven, CT",CT,2023-05-31,328496.14007099066,537.0,227105093.0,06510,2023,6.81,34.24312641782373,Hartford,1
"New Haven, CT",CT,2023-06-30,331940.32714133925,659.0,278812820.0,06510,2023,6.81,34.24312641782373,Hartford,1
"New Haven, CT",CT,2023-07-31,336027.27518750005,557.0,232746549.0,06510,2023,6.81,34.24312641782373,Hartford,1
"New Haven, CT",CT,2023-08-31,340399.479910732,672.0,282079381.0,06510,2023,6.81,34.24312641782373,Hartford,1
"New Haven, CT",CT,2023-09-30,344636.7879301927,518.0,217488919.0,06510,2023,6.81,34.24312641782373,Hartford,1
"New Haven, CT",CT,2023-10-31,347991.8634908862,533.0,223456433.0,06510,2023,6.81,34.24312641782373,Hartford,1
"New Haven, CT",CT,2023-11-30,350625.9919093069,483.0,190722793.0,06510,2023,6.81,34.24312641782373,Hartford,1
"New Haven, CT",CT,2023-12-31,352728.87832552247,471.0,190275515.0,06510,2023,6.81,34.24312641782373,Hartford,1
"New Haven, CT",CT,2024-01-31,354478.4889998732,343.0,133406712.0,06510,2024,6.72,34.24312641782373,Hartford,1
"New Haven, CT",CT,2024-02-29,356441.1043033044,320.0,123557620.0,06510,2024,6.72,34.24312641782373,Hartford,1
"New Haven, CT",CT,2024-03-31,359364.3481548051,403.0,166574436.0,06510,2024,6.72,34.24312641782373,Hartford,1
"New Haven, CT",CT,2024-04-30,362529.7905619258,430.0,177329963.0,06510,2024,6.72,34.24312641782373,Hartford,1
"New Haven, CT",CT,2024-05-31,365327.237233188,520.0,236496950.0,06510,2024,6.72,34.24312641782373,Hartford,1
"New Haven, CT",CT,2024-06-30,367114.6990054377,548.0,264587885.0,06510,2024,6.72,34.24312641782373,Hartford,1
"New Haven, CT",CT,2024-07-31,368741.1958963916,636.0,295740206.0,06510,2024,6.72,34.24312641782373,Hartford,1
"New Haven, CT",CT,2024-08-31,370458.0381908335,619.0,287764466.0,06510,2024,6.72,34.24312641782373,Hartford,1
"New Haven, CT",CT,2024-09-30,372324.2236280225,480.0,232050767.0,06510,2024,6.72,34.24312641782373,Hartford,1
"New Haven, CT",CT,2024-10-31,373828.9657036865,532.0,241855718.0,06510,2024,6.72,34.24312641782373,Hartford,1
"New Haven, CT",CT,2024-11-30,374731.51780622365,503.0,213564410.0,06510,2024,6.72,34.24312641782373,Hartford,1
"New Haven, CT",CT,2024-12-31,375623.1593212413,499.0,219490020.0,06510,2024,6.72,34.24312641782373,Hartford,1
"Norwich, CT",CT,2019-01-31,233588.53804519732,181.0,47394131.0,06360,2019,3.94,35.07546865091332,Hartford,1
"Norwich, CT",CT,2019-02-28,234145.99837490296,203.0,49096123.0,06360,2019,3.94,35.07546865091332,Hartford,1
"Norwich, CT",CT,2019-03-31,234610.52787574715,210.0,53725026.0,06360,2019,3.94,35.07546865091332,Hartford,1
"Norwich, CT",CT,2019-04-30,234970.01550908503,255.0,69868032.0,06360,2019,3.94,35.07546865091332,Hartford,1
"Norwich, CT",CT,2019-05-31,235022.6297450353,354.0,103973829.0,06360,2019,3.94,35.07546865091332,Hartford,1
"Norwich, CT",CT,2019-06-30,235116.2692315817,343.0,94858979.0,06360,2019,3.94,35.07546865091332,Hartford,1
"Norwich, CT",CT,2019-07-31,235431.32769261603,369.0,103692735.0,06360,2019,3.94,35.07546865091332,Hartford,1
"Norwich, CT",CT,2019-08-31,236052.71523636035,350.0,98087114.0,06360,2019,3.94,35.07546865091332,Hartford,1
"Norwich, CT",CT,2019-09-30,236510.07043065163,294.0,83312896.0,06360,2019,3.94,35.07546865091332,Hartford,1
"Norwich, CT",CT,2019-10-31,237174.8124048401,319.0,87953227.0,06360,2019,3.94,35.07546865091332,Hartford,1
"Norwich, CT",CT,2019-11-30,238007.5384439112,252.0,73187593.0,06360,2019,3.94,35.07546865091332,Hartford,1
"Norwich, CT",CT,2019-12-31,238935.16408890963,295.0,76735347.0,06360,2019,3.94,35.07546865091332,Hartford,1
"Norwich, CT",CT,2020-01-31,239770.6842883485,196.0,55544471.0,06360,2020,3.11,35.07546865091332,Hartford,1
"Norwich, CT",CT,2020-02-29,240582.14974574008,183.0,46897991.0,06360,2020,3.11,35.07546865091332,Hartford,1
"Norwich, CT",CT,2020-03-31,241934.1161640644,243.0,66535822.0,06360,2020,3.11,35.07546865091332,Hartford,1
"Norwich, CT",CT,2020-04-30,243467.13311921447,258.0,73910471.0,06360,2020,3.11,35.07546865091332,Hartford,1
"Norwich, CT",CT,2020-05-31,244336.5229147107,265.0,74776820.0,06360,2020,3.11,35.07546865091332,Hartford,1
"Norwich, CT",CT,2020-06-30,244465.56758044497,336.0,109154238.0,06360,2020,3.11,35.07546865091332,Hartford,1
"Norwich, CT",CT,2020-07-31,244736.64860983976,440.0,142686715.0,06360,2020,3.11,35.07546865091332,Hartford,1
"Norwich, CT",CT,2020-08-31,246208.86470214187,409.0,133206231.0,06360,2020,3.11,35.07546865091332,Hartford,1
"Norwich, CT",CT,2020-09-30,249313.2992428273,394.0,144933920.0,06360,2020,3.11,35.07546865091332,Hartford,1
"Norwich, CT",CT,2020-10-31,253541.7880878044,430.0,152759152.0,06360,2020,3.11,35.07546865091332,Hartford,1
"Norwich, CT",CT,2020-11-30,258597.05656533813,331.0,118890481.0,06360,2020,3.11,35.07546865091332,Hartford,1
"Norwich, CT",CT,2020-12-31,263830.1318899916,383.0,129112193.0,06360,2020,3.11,35.07546865091332,Hartford,1
"Norwich, CT",CT,2021-01-31,268776.09167677263,267.0,91799543.0,06360,2021,2.96,35.07546865091332,Hartford,1
"Norwich, CT",CT,2021-02-28,273675.5994511292,214.0,76280831.0,06360,2021,2.96,35.07546865091332,Hartford,1
"Norwich, CT",CT,2021-03-31,278350.7831386625,268.0,89642250.0,06360,2021,2.96,35.07546865091332,Hartford,1
"Norwich, CT",CT,2021-04-30,282745.85908169224,323.0,125237080.0,06360,2021,2.96,35.07546865091332,Hartford,1
"Norwich, CT",CT,2021-05-31,287297.6523617873,359.0,135638867.0,06360,2021,2.96,35.07546865091332,Hartford,1
"Norwich, CT",CT,2021-06-30,291902.8823094105,422.0,144530957.0,06360,2021,2.96,35.07546865091332,Hartford,1
"Norwich, CT",CT,2021-07-31,295658.48025676794,412.0,148151064.0,06360,2021,2.96,35.07546865091332,Hartford,1
"Norwich, CT",CT,2021-08-31,297415.316666804,385.0,155402443.0,06360,2021,2.96,35.07546865091332,Hartford,1
"Norwich, CT",CT,2021-09-30,297206.77702803107,342.0,133762223.0,06360,2021,2.96,35.07546865091332,Hartford,1
"Norwich, CT",CT,2021-10-31,296728.9275501631,308.0,111092570.0,06360,2021,2.96,35.07546865091332,Hartford,1
"Norwich, CT",CT,2021-11-30,296799.79875513545,297.0,107515040.0,06360,2021,2.96,35.07546865091332,Hartford,1
"Norwich, CT",CT,2021-12-31,297948.1146580931,325.0,123541611.0,06360,2021,2.96,35.07546865091332,Hartford,1
"Norwich, CT",CT,2022-01-31,300895.6485271615,241.0,79478040.0,06360,2022,5.34,35.07546865091332,Hartford,1
"Norwich, CT",CT,2022-02-28,305411.3968184548,174.0,62644683.0,06360,2022,5.34,35.07546865091332,Hartford,1
"Norwich, CT",CT,2022-03-31,311105.53804864344,218.0,76974387.0,06360,2022,5.34,35.07546865091332,Hartford,1
"Norwich, CT",CT,2022-04-30,316454.1033748398,214.0,86056371.0,06360,2022,5.34,35.07546865091332,Hartford,1
"Norwich, CT",CT,2022-05-31,321329.1558454039,294.0,108772350.0,06360,2022,5.34,35.07546865091332,Hartford,1
"Norwich, CT",CT,2022-06-30,325288.2173514724,353.0,147699181.0,06360,2022,5.34,35.07546865091332,Hartford,1
"Norwich, CT",CT,2022-07-31,327596.4058302999,311.0,121115790.0,06360,2022,5.34,35.07546865091332,Hartford,1
"Norwich, CT",CT,2022-08-31,327923.6365527776,330.0,125348044.0,06360,2022,5.34,35.07546865091332,Hartford,1
"Norwich, CT",CT,2022-09-30,327119.39162604784,279.0,111864261.0,06360,2022,5.34,35.07546865091332,Hartford,1
"Norwich, CT",CT,2022-10-31,326521.67208705493,271.0,105609569.0,06360,2022,5.34,35.07546865091332,Hartford,1
"Norwich, CT",CT,2022-11-30,326759.60565699503,226.0,83515859.0,06360,2022,5.34,35.07546865091332,Hartford,1
"Norwich, CT",CT,2022-12-31,327129.94117567263,227.0,77886505.0,06360,2022,5.34,35.07546865091332,Hartford,1
"Norwich, CT",CT,2023-01-31,327479.0093557039,156.0,54074310.0,06360,2023,6.81,35.07546865091332,Hartford,1
"Norwich, CT",CT,2023-02-28,328372.55726521154,141.0,51227218.0,06360,2023,6.81,35.07546865091332,Hartford,1
"Norwich, CT",CT,2023-03-31,330333.346073414,178.0,67042254.0,06360,2023,6.81,35.07546865091332,Hartford,1
"Norwich, CT",CT,2023-04-30,333400.4358327915,154.0,60170558.0,06360,2023,6.81,35.07546865091332,Hartford,1
"Norwich, CT",CT,2023-05-31,336822.8386194967,251.0,99586640.0,06360,2023,6.81,35.07546865091332,Hartford,1
"Norwich, CT",CT,2023-06-30,340810.85493170255,274.0,111455051.0,06360,2023,6.81,35.07546865091332,Hartford,1
"Norwich, CT",CT,2023-07-31,345429.4441841317,222.0,96298076.0,06360,2023,6.81,35.07546865091332,Hartford,1
"Norwich, CT",CT,2023-08-31,350342.6627749992,247.0,102121643.0,06360,2023,6.81,35.07546865091332,Hartford,1
"Norwich, CT",CT,2023-09-30,354421.8108528599,236.0,115683989.0,06360,2023,6.81,35.07546865091332,Hartford,1
"Norwich, CT",CT,2023-10-31,357021.47008891776,235.0,98906340.0,06360,2023,6.81,35.07546865091332,Hartford,1
"Norwich, CT",CT,2023-11-30,358603.9271182459,184.0,81027561.0,06360,2023,6.81,35.07546865091332,Hartford,1
"Norwich, CT",CT,2023-12-31,360098.1678099192,192.0,71525854.0,06360,2023,6.81,35.07546865091332,Hartford,1
"Norwich, CT",CT,2024-01-31,361495.3227381771,166.0,66535850.0,06360,2024,6.72,35.07546865091332,Hartford,1
"Norwich, CT",CT,2024-02-29,363517.2428539833,124.0,54236599.0,06360,2024,6.72,35.07546865091332,Hartford,1
"Norwich, CT",CT,2024-03-31,366465.70487228007,179.0,66453567.0,06360,2024,6.72,35.07546865091332,Hartford,1
"Norwich, CT",CT,2024-04-30,369992.7507874477,185.0,80878474.0,06360,2024,6.72,35.07546865091332,Hartford,1
"Norwich, CT",CT,2024-05-31,372939.9150162973,240.0,115645357.0,06360,2024,6.72,35.07546865091332,Hartford,1
"Norwich, CT",CT,2024-06-30,375050.4071759177,228.0,101941230.0,06360,2024,6.72,35.07546865091332,Hartford,1
"Norwich, CT",CT,2024-07-31,377013.7662814821,253.0,116504691.0,06360,2024,6.72,35.07546865091332,Hartford,1
"Norwich, CT",CT,2024-08-31,379147.0178053584,280.0,141285177.0,06360,2024,6.72,35.07546865091332,Hartford,1
"Norwich, CT",CT,2024-09-30,381291.44820377725,197.0,93131057.0,06360,2024,6.72,35.07546865091332,Hartford,1
"Norwich, CT",CT,2024-10-31,383101.5675538681,235.0,102415590.0,06360,2024,6.72,35.07546865091332,Hartford,1
"Norwich, CT",CT,2024-11-30,384486.1278330428,207.0,87503388.0,06360,2024,6.72,35.07546865091332,Hartford,1
"Norwich, CT",CT,2024-12-31,385723.29732475016,224.0,106308867.0,06360,2024,6.72,35.07546865091332,Hartford,1
"Pittsfield, MA",MA,2019-01-31,225114.10684501455,97.0,24200306.0,01201,2019,3.94,111.72822891258565,Boston,1
"Pittsfield, MA",MA,2019-02-28,225208.3530211741,70.0,15351205.0,01201,2019,3.94,111.72822891258565,Boston,1
"Pittsfield, MA",MA,2019-03-31,225485.0148713954,87.0,24525752.0,01201,2019,3.94,111.72822891258565,Boston,1
"Pittsfield, MA",MA,2019-04-30,226258.19295899785,153.0,47746387.0,01201,2019,3.94,111.72822891258565,Boston,1
"Pittsfield, MA",MA,2019-05-31,227433.863393834,145.0,38587538.0,01201,2019,3.94,111.72822891258565,Boston,1
"Pittsfield, MA",MA,2019-06-30,228853.71549870577,146.0,39912679.0,01201,2019,3.94,111.72822891258565,Boston,1
"Pittsfield, MA",MA,2019-07-31,229784.5831793449,183.0,50517979.0,01201,2019,3.94,111.72822891258565,Boston,1
"Pittsfield, MA",MA,2019-08-31,230277.04448194872,199.0,56768524.0,01201,2019,3.94,111.72822891258565,Boston,1
"Pittsfield, MA",MA,2019-09-30,230796.25297436627,196.0,68930679.0,01201,2019,3.94,111.72822891258565,Boston,1
"Pittsfield, MA",MA,2019-10-31,231931.8032304657,182.0,49302505.0,01201,2019,3.94,111.72822891258565,Boston,1
"Pittsfield, MA",MA,2019-11-30,233377.9525080217,163.0,45581992.0,01201,2019,3.94,111.72822891258565,Boston,1
"Pittsfield, MA",MA,2019-12-31,234309.42973671283,147.0,41560421.0,01201,2019,3.94,111.72822891258565,Boston,1
"Pittsfield, MA",MA,2020-01-31,235056.2692211928,124.0,42930297.0,01201,2020,3.11,111.72822891258565,Boston,1
"Pittsfield, MA",MA,2020-02-29,235684.9594755684,77.0,16534278.0,01201,2020,3.11,111.72822891258565,Boston,1
"Pittsfield, MA",MA,2020-03-31,236828.48020632012,102.0,31200176.0,01201,2020,3.11,111.72822891258565,Boston,1
"Pittsfield, MA",MA,2020-04-30,238071.273161449,101.0,29328466.0,01201,2020,3.11,111.72822891258565,Boston,1
"Pittsfield, MA",MA,2020-05-31,239034.25277045832,98.0,24531789.0,01201,2020,3.11,111.72822891258565,Boston,1
"Pittsfield, MA",MA,2020-06-30,239568.8980409958,171.0,58730085.0,01201,2020,3.11,111.72822891258565,Boston,1
"Pittsfield, MA",MA,2020-07-31,240371.82098351503,243.0,94230450.0,01201,2020,3.11,111.72822891258565,Boston,1
"Pittsfield, MA",MA,2020-08-31,242382.84891184396,258.0,91957045.0,01201,2020,3.11,111.72822891258565,Boston,1
"Pittsfield, MA",MA,2020-09-30,245697.2120099696,238.0,95148621.0,01201,2020,3.11,111.72822891258565,Boston,1
"Pittsfield, MA",MA,2020-10-31,249988.9125678921,292.0,109775862.0,01201,2020,3.11,111.72822891258565,Boston,1
"Pittsfield, MA",MA,2020-11-30,255063.00740861605,239.0,94837577.0,01201,2020,3.11,111.72822891258565,Boston,1
"Pittsfield, MA",MA,2020-12-31,260608.4572520793,227.0,96103441.0,01201,2020,3.11,111.72822891258565,Boston,1
"Pittsfield, MA",MA,2021-01-31,265386.3780632916,151.0,51716982.0,01201,2021,2.96,111.72822891258565,Boston,1
"Pittsfield, MA",MA,2021-02-28,269464.06366878457,103.0,38263510.0,01201,2021,2.96,111.72822891258565,Boston,1
"Pittsfield, MA",MA,2021-03-31,272806.61438705213,134.0,50786284.0,01201,2021,2.96,111.72822891258565,Boston,1
"Pittsfield, MA",MA,2021-04-30,276649.5300592561,151.0,66264441.0,01201,2021,2.96,111.72822891258565,Boston,1
"Pittsfield, MA",MA,2021-05-31,281427.318200988,170.0,73930467.0,01201,2021,2.96,111.72822891258565,Boston,1
"Pittsfield, MA",MA,2021-06-30,287271.51824401336,203.0,87517571.0,01201,2021,2.96,111.72822891258565,Boston,1
"Pittsfield, MA",MA,2021-07-31,292762.4016566136,201.0,78967548.0,01201,2021,2.96,111.72822891258565,Boston,1
"Pittsfield, MA",MA,2021-08-31,295926.8262343377,205.0,79422938.0,01201,2021,2.96,111.72822891258565,Boston,1
"Pittsfield, MA",MA,2021-09-30,297021.1319807323,197.0,91558933.0,01201,2021,2.96,111.72822891258565,Boston,1
"Pittsfield, MA",MA,2021-10-31,297439.06057843723,191.0,76824144.0,01201,2021,2.96,111.72822891258565,Boston,1
"Pittsfield, MA",MA,2021-11-30,298966.40453631995,214.0,87450942.0,01201,2021,2.96,111.72822891258565,Boston,1
"Pittsfield, MA",MA,2021-12-31,301217.26892288675,197.0,83915736.0,01201,2021,2.96,111.72822891258565,Boston,1
"Pittsfield, MA",MA,2022-01-31,305378.96168474405,142.0,61732685.0,01201,2022,5.34,111.72822891258565,Boston,1
"Pittsfield, MA",MA,2022-02-28,311107.3120160424,102.0,40923800.0,01201,2022,5.34,111.72822891258565,Boston,1
"Pittsfield, MA",MA,2022-03-31,318364.17758854013,116.0,45902924.0,01201,2022,5.34,111.72822891258565,Boston,1
"Pittsfield, MA",MA,2022-04-30,325394.95322369563,115.0,49855800.0,01201,2022,5.34,111.72822891258565,Boston,1
"Pittsfield, MA",MA,2022-05-31,331139.91515207227,136.0,56784143.0,01201,2022,5.34,111.72822891258565,Boston,1
"Pittsfield, MA",MA,2022-06-30,335769.02834828227,177.0,83188746.0,01201,2022,5.34,111.72822891258565,Boston,1
"Pittsfield, MA",MA,2022-07-31,338311.79396789003,161.0,69854506.0,01201,2022,5.34,111.72822891258565,Boston,1
"Pittsfield, MA",MA,2022-08-31,338959.7155705807,196.0,85522887.0,01201,2022,5.34,111.72822891258565,Boston,1
"Pittsfield, MA",MA,2022-09-30,337631.17179115425,183.0,79930538.0,01201,2022,5.34,111.72822891258565,Boston,1
"Pittsfield, MA",MA,2022-10-31,336207.97097253526,142.0,64989385.0,01201,2022,5.34,111.72822891258565,Boston,1
"Pittsfield, MA",MA,2022-11-30,335443.9596118166,143.0,59507311.0,01201,2022,5.34,111.72822891258565,Boston,1
"Pittsfield, MA",MA,2022-12-31,335589.5854461651,139.0,65654987.0,01201,2022,5.34,111.72822891258565,Boston,1
"Pittsfield, MA",MA,2023-01-31,335914.2539329124,102.0,39386846.0,01201,2023,6.81,111.72822891258565,Boston,1
"Pittsfield, MA",MA,2023-02-28,337114.3936025996,59.0,22437800.0,01201,2023,6.81,111.72822891258565,Boston,1
"Pittsfield, MA",MA,2023-03-31,338948.50112941995,94.0,34241253.0,01201,2023,6.81,111.72822891258565,Boston,1
"Pittsfield, MA",MA,2023-04-30,342294.76018157374,67.0,24661952.0,01201,2023,6.81,111.72822891258565,Boston,1
"Pittsfield, MA",MA,2023-05-31,345843.34236277145,122.0,318161348.0947826,01201,2023,6.81,111.72822891258565,Boston,1
"Pittsfield, MA",MA,2023-06-30,349349.7694072321,169.0,76190882.0,01201,2023,6.81,111.72822891258565,Boston,1
"Pittsfield, MA",MA,2023-07-31,352345.38643391366,129.0,55307874.0,01201,2023,6.81,111.72822891258565,Boston,1
"Pittsfield, MA",MA,2023-08-31,355462.25854509044,177.0,92434506.0,01201,2023,6.81,111.72822891258565,Boston,1
"Pittsfield, MA",MA,2023-09-30,358795.2359934193,163.0,77368824.0,01201,2023,6.81,111.72822891258565,Boston,1
"Pittsfield, MA",MA,2023-10-31,361451.7745691356,160.0,75565760.0,01201,2023,6.81,111.72822891258565,Boston,1
"Pittsfield, MA",MA,2023-11-30,363022.17014483473,132.0,76325987.0,01201,2023,6.81,111.72822891258565,Boston,1
"Pittsfield, MA",MA,2023-12-31,363310.0659504594,123.0,47244025.0,01201,2023,6.81,111.72822891258565,Boston,1
"Pittsfield, MA",MA,2024-01-31,362796.5928496546,100.0,54035095.0,01201,2024,6.72,111.72822891258565,Boston,1
"Pittsfield, MA",MA,2024-02-29,362616.1312863504,88.0,37183193.0,01201,2024,6.72,111.72822891258565,Boston,1
"Pittsfield, MA",MA,2024-03-31,363337.1362813512,89.0,35036813.0,01201,2024,6.72,111.72822891258565,Boston,1
"Pittsfield, MA",MA,2024-04-30,365237.3650378396,110.0,44588718.0,01201,2024,6.72,111.72822891258565,Boston,1
"Pittsfield, MA",MA,2024-05-31,366975.4080593935,140.0,58867608.0,01201,2024,6.72,111.72822891258565,Boston,1
"Pittsfield, MA",MA,2024-06-30,368711.2097459291,123.0,59214833.0,01201,2024,6.72,111.72822891258565,Boston,1
"Pittsfield, MA",MA,2024-07-31,369933.0053479809,139.0,73202740.0,01201,2024,6.72,111.72822891258565,Boston,1
"Pittsfield, MA",MA,2024-08-31,371452.5512463484,152.0,74407931.0,01201,2024,6.72,111.72822891258565,Boston,1
"Pittsfield, MA",MA,2024-09-30,372868.649848625,128.0,54301612.0,01201,2024,6.72,111.72822891258565,Boston,1
"Pittsfield, MA",MA,2024-10-31,374170.3097225575,165.0,71254785.0,01201,2024,6.72,111.72822891258565,Boston,1
"Pittsfield, MA",MA,2024-11-30,374567.6647222929,146.0,71185031.0,01201,2024,6.72,111.72822891258565,Boston,1
"Pittsfield, MA",MA,2024-12-31,375328.0223737453,138.0,75501036.0,01201,2024,6.72,111.72822891258565,Boston,1
"Springfield, MA",MA,2019-01-31,229328.6647533824,411.0,91154547.0,01103,2019,3.94,80.33632631899103,Boston,1
"Springfield, MA",MA,2019-02-28,229888.3719917261,342.0,72095502.0,01103,2019,3.94,80.33632631899103,Boston,1
"Springfield, MA",MA,2019-03-31,230652.35709880447,426.0,96169710.0,01103,2019,3.94,80.33632631899103,Boston,1
"Springfield, MA",MA,2019-04-30,231577.3012144073,563.0,132375678.0,01103,2019,3.94,80.33632631899103,Boston,1
"Springfield, MA",MA,2019-05-31,232091.3101551372,660.0,165078358.0,01103,2019,3.94,80.33632631899103,Boston,1
"Springfield, MA",MA,2019-06-30,232723.1336444409,744.0,193726844.0,01103,2019,3.94,80.33632631899103,Boston,1
"Springfield, MA",MA,2019-07-31,233174.5465444257,773.0,208267554.0,01103,2019,3.94,80.33632631899103,Boston,1
"Springfield, MA",MA,2019-08-31,233775.7113022902,782.0,195552801.0,01103,2019,3.94,80.33632631899103,Boston,1
"Springfield, MA",MA,2019-09-30,234286.50507800697,658.0,162171605.0,01103,2019,3.94,80.33632631899103,Boston,1
"Springfield, MA",MA,2019-10-31,235110.3667577542,683.0,169323327.0,01103,2019,3.94,80.33632631899103,Boston,1
"Springfield, MA",MA,2019-11-30,236393.11564357416,554.0,135079432.0,01103,2019,3.94,80.33632631899103,Boston,1
"Springfield, MA",MA,2019-12-31,237686.239882136,594.0,147439401.0,01103,2019,3.94,80.33632631899103,Boston,1
"Springfield, MA",MA,2020-01-31,239028.3613707143,435.0,102374939.0,01103,2020,3.11,80.33632631899103,Boston,1
"Springfield, MA",MA,2020-02-29,240074.2491461567,332.0,76487055.0,01103,2020,3.11,80.33632631899103,Boston,1
"Springfield, MA",MA,2020-03-31,241282.2743209919,481.0,115985669.0,01103,2020,3.11,80.33632631899103,Boston,1
"Springfield, MA",MA,2020-04-30,242408.6102003389,414.0,109135332.0,01103,2020,3.11,80.33632631899103,Boston,1
"Springfield, MA",MA,2020-05-31,243376.79264507908,520.0,133133173.0,01103,2020,3.11,80.33632631899103,Boston,1
"Springfield, MA",MA,2020-06-30,244160.2713680359,608.0,163717291.0,01103,2020,3.11,80.33632631899103,Boston,1
"Springfield, MA",MA,2020-07-31,245259.82549364693,785.0,218544180.0,01103,2020,3.11,80.33632631899103,Boston,1
"Springfield, MA",MA,2020-08-31,246953.54176342543,729.0,208676191.0,01103,2020,3.11,80.33632631899103,Boston,1
"Springfield, MA",MA,2020-09-30,249813.7142913531,739.0,205792786.0,01103,2020,3.11,80.33632631899103,Boston,1
"Springfield, MA",MA,2020-10-31,253379.86090251303,775.0,218598007.0,01103,2020,3.11,80.33632631899103,Boston,1
"Springfield, MA",MA,2020-11-30,257642.9274929651,670.0,188878043.0,01103,2020,3.11,80.33632631899103,Boston,1
"Springfield, MA",MA,2020-12-31,261783.9345513736,808.0,217509542.0,01103,2020,3.11,80.33632631899103,Boston,1
"Springfield, MA",MA,2021-01-31,265451.06601139985,480.0,129989102.0,01103,2021,2.96,80.33632631899103,Boston,1
"Springfield, MA",MA,2021-02-28,268909.1355305672,417.0,111626375.0,01103,2021,2.96,80.33632631899103,Boston,1
"Springfield, MA",MA,2021-03-31,272216.76949147106,553.0,150384169.0,01103,2021,2.96,80.33632631899103,Boston,1
"Springfield, MA",MA,2021-04-30,275954.0835400678,543.0,156569836.0,01103,2021,2.96,80.33632631899103,Boston,1
"Springfield, MA",MA,2021-05-31,280005.19269978214,571.0,178614891.0,01103,2021,2.96,80.33632631899103,Boston,1
"Springfield, MA",MA,2021-06-30,284144.9132495621,773.0,245815289.0,01103,2021,2.96,80.33632631899103,Boston,1
"Springfield, MA",MA,2021-07-31,287137.3958691739,734.0,239115025.0,01103,2021,2.96,80.33632631899103,Boston,1
"Springfield, MA",MA,2021-08-31,288222.090627874,755.0,235269064.0,01103,2021,2.96,80.33632631899103,Boston,1
"Springfield, MA",MA,2021-09-30,287820.7147414398,726.0,227315932.0,01103,2021,2.96,80.33632631899103,Boston,1
"Springfield, MA",MA,2021-10-31,287317.3871142236,679.0,219893950.0,01103,2021,2.96,80.33632631899103,Boston,1
"Springfield, MA",MA,2021-11-30,287425.9875924127,660.0,198403739.0,01103,2021,2.96,80.33632631899103,Boston,1
"Springfield, MA",MA,2021-12-31,288114.2801653072,730.0,223030082.0,01103,2021,2.96,80.33632631899103,Boston,1
"Springfield, MA",MA,2022-01-31,290756.5265912528,489.0,144017430.0,01103,2022,5.34,80.33632631899103,Boston,1
"Springfield, MA",MA,2022-02-28,295245.99426653766,396.0,120296901.0,01103,2022,5.34,80.33632631899103,Boston,1
"Springfield, MA",MA,2022-03-31,301133.7410669693,509.0,154492005.0,01103,2022,5.34,80.33632631899103,Boston,1
"Springfield, MA",MA,2022-04-30,306562.2867283838,531.0,166105518.0,01103,2022,5.34,80.33632631899103,Boston,1
"Springfield, MA",MA,2022-05-31,311215.4940555457,557.0,188591762.0,01103,2022,5.34,80.33632631899103,Boston,1
"Springfield, MA",MA,2022-06-30,315155.73947303806,816.0,323180105.0,01103,2022,5.34,80.33632631899103,Boston,1
"Springfield, MA",MA,2022-07-31,317462.1231700149,676.0,233148784.0,01103,2022,5.34,80.33632631899103,Boston,1
"Springfield, MA",MA,2022-08-31,317787.2871033488,680.0,239361437.0,01103,2022,5.34,80.33632631899103,Boston,1
"Springfield, MA",MA,2022-09-30,316572.9299577124,616.0,204553184.0,01103,2022,5.34,80.33632631899103,Boston,1
"Springfield, MA",MA,2022-10-31,315289.39480112627,536.0,178578807.0,01103,2022,5.34,80.33632631899103,Boston,1
"Springfield, MA",MA,2022-11-30,314714.85492441506,535.0,175571752.0,01103,2022,5.34,80.33632631899103,Boston,1
"Springfield, MA",MA,2022-12-31,314657.47221869783,464.0,148888518.0,01103,2022,5.34,80.33632631899103,Boston,1
"Springfield, MA",MA,2023-01-31,314811.1701555143,330.0,97514015.0,01103,2023,6.81,80.33632631899103,Boston,1
"Springfield, MA",MA,2023-02-28,315666.4955458365,267.0,83334557.0,01103,2023,6.81,80.33632631899103,Boston,1
"Springfield, MA",MA,2023-03-31,317284.0441939957,366.0,119845292.0,01103,2023,6.81,80.33632631899103,Boston,1
"Springfield, MA",MA,2023-04-30,319790.12718568026,372.0,122542264.0,01103,2023,6.81,80.33632631899103,Boston,1
"Springfield, MA",MA,2023-05-31,322504.1435464528,470.0,168299253.0,01103,2023,6.81,80.33632631899103,Boston,1
"Springfield, MA",MA,2023-06-30,325381.1852320877,603.0,218998665.0,01103,2023,6.81,80.33632631899103,Boston,1
"Springfield, MA",MA,2023-07-31,327967.2824045418,538.0,204726476.0,01103,2023,6.81,80.33632631899103,Boston,1
"Springfield, MA",MA,2023-08-31,330579.74792255,589.0,225599054.0,01103,2023,6.81,80.33632631899103,Boston,1
"Springfield, MA",MA,2023-09-30,332646.8291442425,536.0,191043261.0,01103,2023,6.81,80.33632631899103,Boston,1
"Springfield, MA",MA,2023-10-31,334301.9118824152,476.0,163360704.0,01103,2023,6.81,80.33632631899103,Boston,1
"Springfield, MA",MA,2023-11-30,335459.6473419196,521.0,179268775.0,01103,2023,6.81,80.33632631899103,Boston,1
"Springfield, MA",MA,2023-12-31,336486.53695752285,454.0,157505121.0,01103,2023,6.81,80.33632631899103,Boston,1
"Springfield, MA",MA,2024-01-31,337397.3002736631,339.0,116089649.0,01103,2024,6.72,80.33632631899103,Boston,1
"Springfield, MA",MA,2024-02-29,338445.15708605625,335.0,105000660.0,01103,2024,6.72,80.33632631899103,Boston,1
"Springfield, MA",MA,2024-03-31,340180.0574581038,351.0,117614649.0,01103,2024,6.72,80.33632631899103,Boston,1
"Springfield, MA",MA,2024-04-30,342709.80430304894,433.0,151080540.0,01103,2024,6.72,80.33632631899103,Boston,1
"Springfield, MA",MA,2024-05-31,345150.59847442666,516.0,205008182.0,01103,2024,6.72,80.33632631899103,Boston,1
"Springfield, MA",MA,2024-06-30,347059.0517391572,540.0,208541151.0,01103,2024,6.72,80.33632631899103,Boston,1
"Springfield, MA",MA,2024-07-31,348422.7514413052,559.0,219231449.0,01103,2024,6.72,80.33632631899103,Boston,1
"Springfield, MA",MA,2024-08-31,350282.54882693617,589.0,238893679.0,01103,2024,6.72,80.33632631899103,Boston,1
"Springfield, MA",MA,2024-09-30,352447.10919661773,460.0,169600424.0,01103,2024,6.72,80.33632631899103,Boston,1
"Springfield, MA",MA,2024-10-31,354589.2034219935,516.0,192377930.0,01103,2024,6.72,80.33632631899103,Boston,1
"Springfield, MA",MA,2024-11-30,355788.2843286021,510.0,185631566.0,01103,2024,6.72,80.33632631899103,Boston,1
"Springfield, MA",MA,2024-12-31,356996.6030681214,508.0,192711938.0,01103,2024,6.72,80.33632631899103,Boston,1
"Torrington, CT",CT,2019-01-31,232869.84050271576,127.0,43461770.0,06790,2019,3.94,23.203249828480946,Hartford,1
"Torrington, CT",CT,2019-02-28,233168.8417776932,112.0,29228995.0,06790,2019,3.94,23.203249828480946,Hartford,1
"Torrington, CT",CT,2019-03-31,233727.4450968912,156.0,44617444.0,06790,2019,3.94,23.203249828480946,Hartford,1
"Torrington, CT",CT,2019-04-30,234260.2835660177,205.0,65215479.0,06790,2019,3.94,23.203249828480946,Hartford,1
"Torrington, CT",CT,2019-05-31,234478.386980683,212.0,74723072.0,06790,2019,3.94,23.203249828480946,Hartford,1
"Torrington, CT",CT,2019-06-30,234744.9867825175,244.0,75568572.0,06790,2019,3.94,23.203249828480946,Hartford,1
"Torrington, CT",CT,2019-07-31,235122.92859505143,255.0,69961212.0,06790,2019,3.94,23.203249828480946,Hartford,1
"Torrington, CT",CT,2019-08-31,235786.15371031125,278.0,80894874.0,06790,2019,3.94,23.203249828480946,Hartford,1
"Torrington, CT",CT,2019-09-30,235870.3602949833,227.0,67634816.0,06790,2019,3.94,23.203249828480946,Hartford,1
"Torrington, CT",CT,2019-10-31,235841.57083023255,235.0,69262425.0,06790,2019,3.94,23.203249828480946,Hartford,1
"Torrington, CT",CT,2019-11-30,235913.79760917675,207.0,62181274.0,06790,2019,3.94,23.203249828480946,Hartford,1
"Torrington, CT",CT,2019-12-31,236622.67233496453,231.0,67129038.0,06790,2019,3.94,23.203249828480946,Hartford,1
"Torrington, CT",CT,2020-01-31,237658.16349702651,186.0,64754955.0,06790,2020,3.11,23.203249828480946,Hartford,1
"Torrington, CT",CT,2020-02-29,238733.15324347108,139.0,41487499.0,06790,2020,3.11,23.203249828480946,Hartford,1
"Torrington, CT",CT,2020-03-31,239934.461568564,175.0,52095297.0,06790,2020,3.11,23.203249828480946,Hartford,1
"Torrington, CT",CT,2020-04-30,241150.1809270806,200.0,69961123.0,06790,2020,3.11,23.203249828480946,Hartford,1
"Torrington, CT",CT,2020-05-31,241881.56798171057,210.0,86953418.0,06790,2020,3.11,23.203249828480946,Hartford,1
"Torrington, CT",CT,2020-06-30,242197.9580528908,258.0,102269259.0,06790,2020,3.11,23.203249828480946,Hartford,1
"Torrington, CT",CT,2020-07-31,242639.6572480136,361.0,133288794.0,06790,2020,3.11,23.203249828480946,Hartford,1
"Torrington, CT",CT,2020-08-31,244516.414215583,355.0,160948866.0,06790,2020,3.11,23.203249828480946,Hartford,1
"Torrington, CT",CT,2020-09-30,248239.88456718592,407.0,201644770.0,06790,2020,3.11,23.203249828480946,Hartford,1
"Torrington, CT",CT,2020-10-31,253458.79706842164,427.0,189469270.0,06790,2020,3.11,23.203249828480946,Hartford,1
"Torrington, CT",CT,2020-11-30,259706.72368382523,307.0,127001969.0,06790,2020,3.11,23.203249828480946,Hartford,1
"Torrington, CT",CT,2020-12-31,266129.40998199146,387.0,159094905.0,06790,2020,3.11,23.203249828480946,Hartford,1
"Torrington, CT",CT,2021-01-31,272442.7100362024,274.0,125776368.0,06790,2021,2.96,23.203249828480946,Hartford,1
"Torrington, CT",CT,2021-02-28,278577.6535194767,189.0,69225649.0,06790,2021,2.96,23.203249828480946,Hartford,1
"Torrington, CT",CT,2021-03-31,284487.27920522174,247.0,94248510.0,06790,2021,2.96,23.203249828480946,Hartford,1
"Torrington, CT",CT,2021-04-30,289847.03617224656,243.0,105133717.0,06790,2021,2.96,23.203249828480946,Hartford,1
"Torrington, CT",CT,2021-05-31,295247.46084861207,260.0,123519995.0,06790,2021,2.96,23.203249828480946,Hartford,1
"Torrington, CT",CT,2021-06-30,300779.5722387096,310.0,132648632.0,06790,2021,2.96,23.203249828480946,Hartford,1
"Torrington, CT",CT,2021-07-31,305067.76626722765,314.0,132583156.0,06790,2021,2.96,23.203249828480946,Hartford,1
"Torrington, CT",CT,2021-08-31,306626.99810277374,279.0,122288302.0,06790,2021,2.96,23.203249828480946,Hartford,1
"Torrington, CT",CT,2021-09-30,305439.9527406203,281.0,121950888.0,06790,2021,2.96,23.203249828480946,Hartford,1
"Torrington, CT",CT,2021-10-31,303674.1375126476,253.0,100833004.0,06790,2021,2.96,23.203249828480946,Hartford,1
"Torrington, CT",CT,2021-11-30,302809.8202538938,231.0,96469867.0,06790,2021,2.96,23.203249828480946,Hartford,1
"Torrington, CT",CT,2021-12-31,303507.303094994,249.0,106061407.0,06790,2021,2.96,23.203249828480946,Hartford,1
"Torrington, CT",CT,2022-01-31,307127.25997360353,189.0,86099886.0,06790,2022,5.34,23.203249828480946,Hartford,1
"Torrington, CT",CT,2022-02-28,312866.01289152773,136.0,56988339.0,06790,2022,5.34,23.203249828480946,Hartford,1
"Torrington, CT",CT,2022-03-31,320251.9218910599,205.0,99984625.0,06790,2022,5.34,23.203249828480946,Hartford,1
"Torrington, CT",CT,2022-04-30,327195.69056498643,205.0,110385221.0,06790,2022,5.34,23.203249828480946,Hartford,1
"Torrington, CT",CT,2022-05-31,333349.4103155295,195.0,79423824.0,06790,2022,5.34,23.203249828480946,Hartford,1
"Torrington, CT",CT,2022-06-30,338126.70836873545,265.0,119591899.0,06790,2022,5.34,23.203249828480946,Hartford,1
"Torrington, CT",CT,2022-07-31,340747.61129984685,250.0,124757985.0,06790,2022,5.34,23.203249828480946,Hartford,1
"Torrington, CT",CT,2022-08-31,340997.67659006646,244.0,110000774.0,06790,2022,5.34,23.203249828480946,Hartford,1
"Torrington, CT",CT,2022-09-30,339975.62798161973,235.0,95138563.0,06790,2022,5.34,23.203249828480946,Hartford,1
"Torrington, CT",CT,2022-10-31,339278.1033998632,197.0,96943854.0,06790,2022,5.34,23.203249828480946,Hartford,1
"Torrington, CT",CT,2022-11-30,339325.3028506364,184.0,79815327.0,06790,2022,5.34,23.203249828480946,Hartford,1
"Torrington, CT",CT,2022-12-31,339582.2750703476,164.0,78548235.0,06790,2022,5.34,23.203249828480946,Hartford,1
"Torrington, CT",CT,2023-01-31,339724.01514795696,132.0,53493650.0,06790,2023,6.81,23.203249828480946,Hartford,1
"Torrington, CT",CT,2023-02-28,340507.18124502146,112.0,42918341.0,06790,2023,6.81,23.203249828480946,Hartford,1
"Torrington, CT",CT,2023-03-31,342184.58905043243,150.0,60266887.0,06790,2023,6.81,23.203249828480946,Hartford,1
"Torrington, CT",CT,2023-04-30,345065.66827536747,115.0,50323712.0,06790,2023,6.81,23.203249828480946,Hartford,1
"Torrington, CT",CT,2023-05-31,348337.92158425605,150.0,62779003.0,06790,2023,6.81,23.203249828480946,Hartford,1
"Torrington, CT",CT,2023-06-30,352064.93954184186,200.0,115815523.0,06790,2023,6.81,23.203249828480946,Hartford,1
"Torrington, CT",CT,2023-07-31,356446.4705767383,173.0,85593800.0,06790,2023,6.81,23.203249828480946,Hartford,1
"Torrington, CT",CT,2023-08-31,361335.1473449702,195.0,99397350.0,06790,2023,6.81,23.203249828480946,Hartford,1
"Torrington, CT",CT,2023-09-30,365882.4745680015,179.0,98830426.0,06790,2023,6.81,23.203249828480946,Hartford,1
"Torrington, CT",CT,2023-10-31,369047.48056757526,179.0,92298926.0,06790,2023,6.81,23.203249828480946,Hartford,1
"Torrington, CT",CT,2023-11-30,371540.7943873422,152.0,72645410.0,06790,2023,6.81,23.203249828480946,Hartford,1
"Torrington, CT",CT,2023-12-31,373808.22873559664,148.0,68797597.0,06790,2023,6.81,23.203249828480946,Hartford,1
"Torrington, CT",CT,2024-01-31,375779.9145156345,102.0,46380841.0,06790,2024,6.72,23.203249828480946,Hartford,1
"Torrington, CT",CT,2024-02-29,378060.612377129,92.0,47303013.0,06790,2024,6.72,23.203249828480946,Hartford,1
"Torrington, CT",CT,2024-03-31,380923.5473084187,122.0,58801629.0,06790,2024,6.72,23.203249828480946,Hartford,1
"Torrington, CT",CT,2024-04-30,384503.0173774304,120.0,68161749.0,06790,2024,6.72,23.203249828480946,Hartford,1
"Torrington, CT",CT,2024-05-31,387275.4924422402,150.0,83016201.0,06790,2024,6.72,23.203249828480946,Hartford,1
"Torrington, CT",CT,2024-06-30,389156.81646497577,182.0,103093709.0,06790,2024,6.72,23.203249828480946,Hartford,1
"Torrington, CT",CT,2024-07-31,390244.8011148297,172.0,99164558.0,06790,2024,6.72,23.203249828480946,Hartford,1
"Torrington, CT",CT,2024-08-31,391650.4423941863,198.0,107852289.0,06790,2024,6.72,23.203249828480946,Hartford,1
"Torrington, CT",CT,2024-09-30,393190.7026900348,191.0,102219015.0,06790,2024,6.72,23.203249828480946,Hartford,1
"Torrington, CT",CT,2024-10-31,394719.7209204682,183.0,106739449.0,06790,2024,6.72,23.203249828480946,Hartford,1
"Torrington, CT",CT,2024-11-30,395587.0076527617,174.0,84483693.0,06790,2024,6.72,23.203249828480946,Hartford,1
"Torrington, CT",CT,2024-12-31,396733.4058265629,168.0,75648283.0,06790,2024,6.72,23.203249828480946,Hartford,1
"Vineyard Haven, MA",MA,2019-01-31,853842.9331297084,22.0,318161348.0947826,,2019,3.94,,Boston,0
"Vineyard Haven, MA",MA,2019-02-28,856892.5753951111,17.0,318161348.0947826,,2019,3.94,,Boston,0
"Vineyard Haven, MA",MA,2019-03-31,861729.945809703,20.0,318161348.0947826,,2019,3.94,,Boston,0
"Vineyard Haven, MA",MA,2019-04-30,867727.5562084062,24.0,318161348.0947826,,2019,3.94,,Boston,0
"Vineyard Haven, MA",MA,2019-05-31,871024.4824669273,38.0,318161348.0947826,,2019,3.94,,Boston,0
"Vineyard Haven, MA",MA,2019-06-30,872324.4871930471,36.0,318161348.0947826,,2019,3.94,,Boston,0
"Vineyard Haven, MA",MA,2019-07-31,872868.3932595075,29.0,318161348.0947826,,2019,3.94,,Boston,0
"Vineyard Haven, MA",MA,2019-08-31,874386.6386742819,28.0,318161348.0947826,,2019,3.94,,Boston,0
"Vineyard Haven, MA",MA,2019-09-30,874504.1183174312,45.0,318161348.0947826,,2019,3.94,,Boston,0
"Vineyard Haven, MA",MA,2019-10-31,876275.4804328317,52.0,318161348.0947826,,2019,3.94,,Boston,0
"Vineyard Haven, MA",MA,2019-11-30,878843.9171331548,37.0,318161348.0947826,,2019,3.94,,Boston,0
"Vineyard Haven, MA",MA,2019-12-31,882376.6449659046,46.0,318161348.0947826,,2019,3.94,,Boston,0
"Vineyard Haven, MA",MA,2020-01-31,885676.0099351126,50.0,318161348.0947826,,2020,3.11,,Boston,0
"Vineyard Haven, MA",MA,2020-02-29,891226.374460891,25.0,318161348.0947826,,2020,3.11,,Boston,0
"Vineyard Haven, MA",MA,2020-03-31,896538.7325068068,28.0,318161348.0947826,,2020,3.11,,Boston,0
"Vineyard Haven, MA",MA,2020-04-30,900795.7333650524,18.0,318161348.0947826,,2020,3.11,,Boston,0
"Vineyard Haven, MA",MA,2020-05-31,900059.0753364357,20.0,318161348.0947826,,2020,3.11,,Boston,0
"Vineyard Haven, MA",MA,2020-06-30,899900.7822874199,30.0,318161348.0947826,,2020,3.11,,Boston,0
"Vineyard Haven, MA",MA,2020-07-31,901236.8406412634,34.0,318161348.0947826,,2020,3.11,,Boston,0
"Vineyard Haven, MA",MA,2020-08-31,909569.4698177514,52.0,318161348.0947826,,2020,3.11,,Boston,0
"Vineyard Haven, MA",MA,2020-09-30,922351.0591889364,90.0,318161348.0947826,,2020,3.11,,Boston,0
"Vineyard Haven, MA",MA,2020-10-31,938594.832210088,66.0,318161348.0947826,,2020,3.11,,Boston,0
"Vineyard Haven, MA",MA,2020-11-30,958616.103811326,74.0,318161348.0947826,,2020,3.11,,Boston,0
"Vineyard Haven, MA",MA,2020-12-31,980522.991772703,59.0,318161348.0947826,,2020,3.11,,Boston,0
"Vineyard Haven, MA",MA,2021-01-31,1000595.7836584962,37.0,318161348.0947826,,2021,2.96,,Boston,0
"Vineyard Haven, MA",MA,2021-02-28,1018750.333405876,32.0,318161348.0947826,,2021,2.96,,Boston,0
"Vineyard Haven, MA",MA,2021-03-31,1037721.5765260808,39.0,318161348.0947826,,2021,2.96,,Boston,0
"Vineyard Haven, MA",MA,2021-04-30,1064225.0361857808,44.0,318161348.0947826,,2021,2.96,,Boston,0
"Vineyard Haven, MA",MA,2021-05-31,1097703.7923140144,33.0,318161348.0947826,,2021,2.96,,Boston,0
"Vineyard Haven, MA",MA,2021-06-30,1131424.8504206615,44.0,318161348.0947826,,2021,2.96,,Boston,0
"Vineyard Haven, MA",MA,2021-07-31,1156603.5358612952,38.0,318161348.0947826,,2021,2.96,,Boston,0
"Vineyard Haven, MA",MA,2021-08-31,1170018.044253854,37.0,318161348.0947826,,2021,2.96,,Boston,0
"Vineyard Haven, MA",MA,2021-09-30,1178296.7731603691,44.0,318161348.0947826,,2021,2.96,,Boston,0
"Vineyard Haven, MA",MA,2021-10-31,1188913.3193402358,71.0,318161348.0947826,,2021,2.96,,Boston,0
"Vineyard Haven, MA",MA,2021-11-30,1204538.9122739902,51.0,318161348.0947826,,2021,2.96,,Boston,0
"Vineyard Haven, MA",MA,2021-12-31,1222315.389121307,45.0,318161348.0947826,,2021,2.96,,Boston,0
"Vineyard Haven, MA",MA,2022-01-31,1247771.0071441375,32.0,318161348.0947826,,2022,5.34,,Boston,0
"Vineyard Haven, MA",MA,2022-02-28,1277609.4651847284,26.0,318161348.0947826,,2022,5.34,,Boston,0
"Vineyard Haven, MA",MA,2022-03-31,1316459.2816032297,28.0,318161348.0947826,,2022,5.34,,Boston,0
"Vineyard Haven, MA",MA,2022-04-30,1357141.031981831,21.0,318161348.0947826,,2022,5.34,,Boston,0
"Vineyard Haven, MA",MA,2022-05-31,1392063.028291586,32.0,318161348.0947826,,2022,5.34,,Boston,0
"Vineyard Haven, MA",MA,2022-06-30,1422719.3042218245,34.0,318161348.0947826,,2022,5.34,,Boston,0
"Vineyard Haven, MA",MA,2022-07-31,1435598.4753476258,26.0,318161348.0947826,,2022,5.34,,Boston,0
"Vineyard Haven, MA",MA,2022-08-31,1435467.1498204172,14.0,318161348.0947826,,2022,5.34,,Boston,0
"Vineyard Haven, MA",MA,2022-09-30,1421476.228059128,38.0,318161348.0947826,,2022,5.34,,Boston,0
"Vineyard Haven, MA",MA,2022-10-31,1410318.997680398,32.0,318161348.0947826,,2022,5.34,,Boston,0
"Vineyard Haven, MA",MA,2022-11-30,1406257.2479919724,22.0,318161348.0947826,,2022,5.34,,Boston,0
"Vineyard Haven, MA",MA,2022-12-31,1404491.1172220346,33.0,318161348.0947826,,2022,5.34,,Boston,0
"Vineyard Haven, MA",MA,2023-01-31,1397412.0823495272,24.0,318161348.0947826,,2023,6.81,,Boston,0
"Vineyard Haven, MA",MA,2023-02-28,1387764.332485591,15.0,318161348.0947826,,2023,6.81,,Boston,0
"Vineyard Haven, MA",MA,2023-03-31,1378385.1965683491,38.0,318161348.0947826,,2023,6.81,,Boston,0
"Vineyard Haven, MA",MA,2023-04-30,1376129.3912192688,31.0,318161348.0947826,,2023,6.81,,Boston,0
"Vineyard Haven, MA",MA,2023-05-31,1382974.527430497,25.0,318161348.0947826,,2023,6.81,,Boston,0
"Vineyard Haven, MA",MA,2023-06-30,1398631.217183431,30.0,318161348.0947826,,2023,6.81,,Boston,0
"Vineyard Haven, MA",MA,2023-07-31,1416451.9757399324,34.0,318161348.0947826,,2023,6.81,,Boston,0
"Vineyard Haven, MA",MA,2023-08-31,1428867.9675811648,30.0,318161348.0947826,,2023,6.81,,Boston,0
"Vineyard Haven, MA",MA,2023-09-30,1436987.1033959638,25.0,318161348.0947826,,2023,6.81,,Boston,0
"Vineyard Haven, MA",MA,2023-10-31,1443792.788839802,35.0,318161348.0947826,,2023,6.81,,Boston,0
"Vineyard Haven, MA",MA,2023-11-30,1451077.3050455025,31.0,318161348.0947826,,2023,6.81,,Boston,0
"Vineyard Haven, MA",MA,2023-12-31,1457775.2122115735,25.0,318161348.0947826,,2023,6.81,,Boston,0
"Vineyard Haven, MA",MA,2024-01-31,1461060.839212572,14.0,318161348.0947826,,2024,6.72,,Boston,0
"Vineyard Haven, MA",MA,2024-02-29,1464557.707311751,19.0,318161348.0947826,,2024,6.72,,Boston,0
"Vineyard Haven, MA",MA,2024-03-31,1473289.7176704856,16.0,318161348.0947826,,2024,6.72,,Boston,0
"Vineyard Haven, MA",MA,2024-04-30,1488691.4619269385,20.0,318161348.0947826,,2024,6.72,,Boston,0
"Vineyard Haven, MA",MA,2024-05-31,1503626.9967847017,27.0,318161348.0947826,,2024,6.72,,Boston,0
"Vineyard Haven, MA",MA,2024-06-30,1506144.2902415935,22.0,318161348.0947826,,2024,6.72,,Boston,0
"Vineyard Haven, MA",MA,2024-07-31,1502368.1394342429,17.0,318161348.0947826,,2024,6.72,,Boston,0
"Vineyard Haven, MA",MA,2024-08-31,1499879.0728274817,24.0,318161348.0947826,,2024,6.72,,Boston,0
"Vineyard Haven, MA",MA,2024-09-30,1504143.4808233113,35.0,318161348.0947826,,2024,6.72,,Boston,0
"Vineyard Haven, MA",MA,2024-10-31,1506343.76656041,45.0,318161348.0947826,,2024,6.72,,Boston,0
"Vineyard Haven, MA",MA,2024-11-30,1500005.0178589963,25.0,318161348.0947826,,2024,6.72,,Boston,0
"Vineyard Haven, MA",MA,2024-12-31,1489315.7353789744,34.0,318161348.0947826,,2024,6.72,,Boston,0
"Worcester, MA",MA,2019-01-31,282084.72216660227,630.0,175838835.0,01608,2019,3.94,38.578552367656,Boston,1
"Worcester, MA",MA,2019-02-28,282882.4761418024,554.0,152451398.0,01608,2019,3.94,38.578552367656,Boston,1
"Worcester, MA",MA,2019-03-31,284084.95140755805,664.0,190505390.0,01608,2019,3.94,38.578552367656,Boston,1
"Worcester, MA",MA,2019-04-30,285613.92837501,792.0,239160495.0,01608,2019,3.94,38.578552367656,Boston,1
"Worcester, MA",MA,2019-05-31,286744.1088338227,967.0,296706685.0,01608,2019,3.94,38.578552367656,Boston,1
"Worcester, MA",MA,2019-06-30,287955.1526296145,1141.0,374948362.0,01608,2019,3.94,38.578552367656,Boston,1
"Worcester, MA",MA,2019-07-31,288698.17085056653,1134.0,363981018.0,01608,2019,3.94,38.578552367656,Boston,1
"Worcester, MA",MA,2019-08-31,289370.56485454337,1194.0,382412725.0,01608,2019,3.94,38.578552367656,Boston,1
"Worcester, MA",MA,2019-09-30,289739.8599657977,974.0,298456749.0,01608,2019,3.94,38.578552367656,Boston,1
"Worcester, MA",MA,2019-10-31,290681.2117788935,1059.0,330370741.0,01608,2019,3.94,38.578552367656,Boston,1
"Worcester, MA",MA,2019-11-30,292085.7205354729,879.0,268224474.0,01608,2019,3.94,38.578552367656,Boston,1
"Worcester, MA",MA,2019-12-31,293594.99214457866,876.0,271555194.0,01608,2019,3.94,38.578552367656,Boston,1
"Worcester, MA",MA,2020-01-31,295177.14825572056,674.0,199993991.0,01608,2020,3.11,38.578552367656,Boston,1
"Worcester, MA",MA,2020-02-29,296852.7047909996,544.0,157127661.0,01608,2020,3.11,38.578552367656,Boston,1
"Worcester, MA",MA,2020-03-31,299025.98170134245,718.0,223950249.0,01608,2020,3.11,38.578552367656,Boston,1
"Worcester, MA",MA,2020-04-30,301172.1866455826,752.0,242581823.0,01608,2020,3.11,38.578552367656,Boston,1
"Worcester, MA",MA,2020-05-31,302633.7915901648,773.0,265806291.0,01608,2020,3.11,38.578552367656,Boston,1
"Worcester, MA",MA,2020-06-30,303461.34767707274,935.0,321235192.0,01608,2020,3.11,38.578552367656,Boston,1
"Worcester, MA",MA,2020-07-31,304606.7369164653,1149.0,428151371.0,01608,2020,3.11,38.578552367656,Boston,1
"Worcester, MA",MA,2020-08-31,306989.3653567349,1189.0,437089940.0,01608,2020,3.11,38.578552367656,Boston,1
"Worcester, MA",MA,2020-09-30,311107.33989119047,1084.0,391420395.0,01608,2020,3.11,38.578552367656,Boston,1
"Worcester, MA",MA,2020-10-31,316230.4608382773,1221.0,431344880.0,01608,2020,3.11,38.578552367656,Boston,1
"Worcester, MA",MA,2020-11-30,322232.01539045334,1025.0,360874956.0,01608,2020,3.11,38.578552367656,Boston,1
"Worcester, MA",MA,2020-12-31,328258.7146693121,1096.0,388540270.0,01608,2020,3.11,38.578552367656,Boston,1
"Worcester, MA",MA,2021-01-31,333689.5299354522,714.0,251674332.0,01608,2021,2.96,38.578552367656,Boston,1
"Worcester, MA",MA,2021-02-28,338855.73908601754,567.0,185301386.0,01608,2021,2.96,38.578552367656,Boston,1
"Worcester, MA",MA,2021-03-31,343992.58966930537,757.0,269075314.0,01608,2021,2.96,38.578552367656,Boston,1
"Worcester, MA",MA,2021-04-30,349582.624115197,777.0,304143065.0,01608,2021,2.96,38.578552367656,Boston,1
"Worcester, MA",MA,2021-05-31,355371.18088504515,929.0,376589928.0,01608,2021,2.96,38.578552367656,Boston,1
"Worcester, MA",MA,2021-06-30,360965.4116245216,1245.0,534422788.0,01608,2021,2.96,38.578552367656,Boston,1
"Worcester, MA",MA,2021-07-31,364725.6308263733,1169.0,489137228.0,01608,2021,2.96,38.578552367656,Boston,1
"Worcester, MA",MA,2021-08-31,366004.7069697293,1169.0,499528294.0,01608,2021,2.96,38.578552367656,Boston,1
"Worcester, MA",MA,2021-09-30,364983.19415557856,1100.0,457295132.0,01608,2021,2.96,38.578552367656,Boston,1
"Worcester, MA",MA,2021-10-31,363942.2453287125,971.0,398016857.0,01608,2021,2.96,38.578552367656,Boston,1
"Worcester, MA",MA,2021-11-30,363818.4477581933,1031.0,412599327.0,01608,2021,2.96,38.578552367656,Boston,1
"Worcester, MA",MA,2021-12-31,365098.5373135703,1073.0,419854512.0,01608,2021,2.96,38.578552367656,Boston,1
"Worcester, MA",MA,2022-01-31,369013.4416181511,691.0,274796473.0,01608,2022,5.34,38.578552367656,Boston,1
"Worcester, MA",MA,2022-02-28,375077.3726254532,546.0,206906720.0,01608,2022,5.34,38.578552367656,Boston,1
"Worcester, MA",MA,2022-03-31,382853.2609479977,674.0,260465014.0,01608,2022,5.34,38.578552367656,Boston,1
"Worcester, MA",MA,2022-04-30,390043.16862239153,724.0,323566519.0,01608,2022,5.34,38.578552367656,Boston,1
"Worcester, MA",MA,2022-05-31,396294.8435044793,839.0,373191142.0,01608,2022,5.34,38.578552367656,Boston,1
"Worcester, MA",MA,2022-06-30,401318.7114744389,1187.0,572314522.0,01608,2022,5.34,38.578552367656,Boston,0
"Worcester, MA",MA,2022-07-31,404172.6854545151,1016.0,483927329.0,01608,2022,5.34,38.578552367656,Boston,0
"Worcester, MA",MA,2022-08-31,404387.4850592309,1167.0,547919271.0,01608,2022,5.34,38.578552367656,Boston,0
"Worcester, MA",MA,2022-09-30,402494.1367258304,924.0,398045723.0,01608,2022,5.34,38.578552367656,Boston,0
"Worcester, MA",MA,2022-10-31,400691.7196435567,826.0,367601846.0,01608,2022,5.34,38.578552367656,Boston,0
"Worcester, MA",MA,2022-11-30,399821.7756548044,651.0,268917758.0,01608,2022,5.34,38.578552367656,Boston,1
"Worcester, MA",MA,2022-12-31,399818.6318203141,696.0,288335841.0,01608,2022,5.34,38.578552367656,Boston,1
"Worcester, MA",MA,2023-01-31,399908.71962482313,478.0,195892434.0,01608,2023,6.81,38.578552367656,Boston,1
"Worcester, MA",MA,2023-02-28,400601.1578231449,391.0,156186118.0,01608,2023,6.81,38.578552367656,Boston,0
"Worcester, MA",MA,2023-03-31,402239.9150278044,504.0,210396782.0,01608,2023,6.81,38.578552367656,Boston,0
"Worcester, MA",MA,2023-04-30,405368.0876897628,484.0,221880698.0,01608,2023,6.81,38.578552367656,Boston,0
"Worcester, MA",MA,2023-05-31,409278.10148091294,662.0,307597666.0,01608,2023,6.81,38.578552367656,Boston,0
"Worcester, MA",MA,2023-06-30,413691.89801810007,931.0,460481553.0,01608,2023,6.81,38.578552367656,Boston,0
"Worcester, MA",MA,2023-07-31,418152.5593782708,832.0,415827514.0,01608,2023,6.81,38.578552367656,Boston,0
"Worcester, MA",MA,2023-08-31,423076.2429115053,864.0,427448240.0,01608,2023,6.81,38.578552367656,Boston,0
"Worcester, MA",MA,2023-09-30,427508.1371031157,743.0,355103972.0,01608,2023,6.81,38.578552367656,Boston,0
"Worcester, MA",MA,2023-10-31,431264.3016868144,750.0,342805329.0,01608,2023,6.81,38.578552367656,Boston,0
"Worcester, MA",MA,2023-11-30,433814.5223769671,693.0,321130566.0,01608,2023,6.81,38.578552367656,Boston,0
"Worcester, MA",MA,2023-12-31,435833.8358075761,664.0,280457008.0,01608,2023,6.81,38.578552367656,Boston,0
"Worcester, MA",MA,2024-01-31,437127.71437254566,486.0,233393703.0,01608,2024,6.72,38.578552367656,Boston,0
"Worcester, MA",MA,2024-02-29,438710.85055442434,430.0,187695350.0,01608,2024,6.72,38.578552367656,Boston,0
"Worcester, MA",MA,2024-03-31,441388.069765127,511.0,228813843.0,01608,2024,6.72,38.578552367656,Boston,0
"Worcester, MA",MA,2024-04-30,445047.1775931944,571.0,277695991.0,01608,2024,6.72,38.578552367656,Boston,0
"Worcester, MA",MA,2024-05-31,448380.7936175402,774.0,386899819.0,01608,2024,6.72,38.578552367656,Boston,0
"Worcester, MA",MA,2024-06-30,450669.1344797633,867.0,460142174.0,01608,2024,6.72,38.578552367656,Boston,0
"Worcester, MA",MA,2024-07-31,452542.09798883385,829.0,420970923.0,01608,2024,6.72,38.578552367656,Boston,0
"Worcester, MA",MA,2024-08-31,454614.4636006279,873.0,430276540.0,01608,2024,6.72,38.578552367656,Boston,0
"Worcester, MA",MA,2024-09-30,456599.17341944,681.0,330031295.0,01608,2024,6.72,38.578552367656,Boston,0
"Worcester, MA",MA,2024-10-31,458315.53644653485,794.0,382999390.0,01608,2024,6.72,38.578552367656,Boston,0
"Worcester, MA",MA,2024-11-30,459867.0502934774,703.0,340228704.0,01608,2024,6.72,38.578552367656,Boston,0
"Worcester, MA",MA,2024-12-31,461869.1624975253,751.0,370546390.0,01608,2024,6.72,38.578552367656,Boston,0
